Customer ID,Customer_Sales,Customer_Profit,Customer_Orders,Customer_Quantity,Last_Order_Date
AA-10315,5189.08,-459.3875,4,25,2016-03-03
AA-10375,1039.622,275.9152,8,39,2017-11-12
AA-10480,632.532,107.1512,3,21,2017-04-15
AA-10645,5086.9349999999995,857.8033,6,64,2017-05-11
AB-10015,886.156,129.3465,3,13,2016-10-11
AB-10060,7727.69,2046.4888,7,53,2017-09-16
AB-10105,14473.570999999998,5444.8055,10,73,2017-11-19
AB-10150,951.77,306.6379,4,34,2017-11-19
AB-10165,359.368,101.0971,4,25,2017-09-15
AB-10255,914.5319999999999,264.5675,9,39,2017-07-17
AB-10600,1498.774,-276.0284,3,36,2017-10-11
AC-10420,57.576,21.591,1,3,2016-02-23
AC-10450,4785.51,1282.497,6,35,2017-12-19
AC-10615,2457.326,273.3053,4,49,2017-12-24
AC-10660,657.316,-28.700399999999995,5,16,2017-03-23
AD-10180,6106.88,1869.9294,8,40,2017-11-13
AF-10870,2052.908,317.9712,7,51,2017-11-19
AF-10885,425.356,95.43739999999998,2,18,2016-10-11
AG-10270,2582.898,732.7399,5,58,2017-03-27
AG-10300,118.97999999999999,30.5454,3,7,2017-03-09
AG-10330,660.972,-5.137100000000006,5,47,2017-12-22
AG-10390,200.945,69.2784,5,33,2017-07-09
AG-10495,2356.855,295.6668,8,93,2017-10-13
AG-10525,1261.102,-180.5025,3,28,2015-07-09
AG-10675,3378.7036000000003,-277.80330000000004,5,40,2017-09-24
AG-10765,57.484,-64.981,3,17,2017-10-14
AG-10900,4510.797,343.6824,10,92,2017-09-25
AH-10030,1744.7,365.2152,7,54,2017-12-18
AH-10075,3250.337,281.189,10,75,2017-11-26
AH-10120,1680.146,-2.2784999999999798,5,56,2017-08-17
AH-10195,1587.452,-378.5509,4,28,2017-08-24
AH-10210,4024.464,1156.291,7,39,2017-12-24
AH-10465,2495.3916,-196.12009999999998,5,35,2017-05-14
AH-10585,738.504,83.96300000000001,4,17,2017-09-12
AH-10690,1915.358,312.3818,9,54,2016-11-15
AI-10855,4174.0560000000005,785.8834,9,64,2017-12-17
AJ-10780,3383.416,868.2851,4,46,2017-10-16
AJ-10795,3342.331,844.0102,6,73,2017-07-17
AJ-10945,1200.51,355.0654,6,31,2017-06-10
AJ-10960,629.2479999999999,60.4265,3,22,2017-10-17
AM-10360,684.1800000000001,254.89679999999998,4,41,2017-02-12
AM-10705,3530.036,605.4326,6,59,2017-07-21
AO-10810,161.28,12.096,1,2,2016-08-16
AP-10720,1638.554,285.7888,8,85,2017-11-19
AP-10915,2355.256,280.2847,9,92,2017-09-23
AR-10345,860.928,-222.2046,2,15,2017-08-09
AR-10405,508.004,93.4522,3,16,2017-06-19
AR-10510,206.544,15.675899999999999,4,24,2017-12-16
AR-10540,5888.48,2634.828,4,22,2017-12-24
AR-10570,88.15,32.633,1,6,2016-07-14
AR-10825,4471.496,475.13599999999997,6,46,2017-07-21
AS-10045,2984.9120000000003,-285.80679999999995,6,37,2017-04-09
AS-10090,3247.402,65.68099999999998,8,76,2017-09-16
AS-10135,58.82,21.8496,2,9,2017-11-19
AS-10225,4260.784,719.7751000000001,5,41,2017-09-17
AS-10240,571.408,28.526599999999995,5,36,2017-06-21
AS-10285,3214.236,354.62760000000003,6,39,2017-11-12
AS-10630,460.95200000000006,79.5951,6,25,2017-04-30
AT-10435,1128.354,94.44340000000001,5,24,2017-09-12
AT-10735,3710.624,952.622,9,52,2017-12-17
AW-10840,649.376,65.77250000000001,4,24,2017-10-12
AW-10930,1610.272,86.7888,5,31,2017-11-14
AY-10555,497.014,103.3499,4,34,2017-12-16
AZ-10750,1218.6019999999999,79.85379999999999,4,30,2017-07-23
BB-10990,744.3399999999999,11.583900000000007,5,26,2017-09-16
BB-11545,6765.728,1015.0749999999999,9,83,2017-12-08
BC-11125,2787.9120000000003,259.6954,8,58,2017-11-06
BD-11320,2271.192,213.5025,6,30,2017-09-23
BD-11500,4411.2429999999995,1142.1225,6,49,2017-11-25
BD-11560,168.58,80.2436,1,7,2017-03-27
BD-11605,2631.841,441.356,5,42,2017-09-24
BD-11620,1538.11,206.75689999999997,6,27,2017-10-22
BD-11635,582.646,141.53400000000002,3,19,2017-12-21
BD-11725,1517.26,329.5439,5,26,2017-05-30
BD-11770,470.466,71.3275,3,8,2017-06-02
BE-11335,4204.676,1487.7739000000001,5,35,2017-07-17
BE-11410,2261.438,755.9150999999999,5,19,2017-09-23
BE-11455,1727.652,139.20080000000002,6,40,2017-04-20
BF-10975,579.134,220.4643,6,31,2016-11-20
BF-11005,1006.46,96.8989,3,16,2017-11-21
BF-11020,2888.506,302.02,8,78,2017-10-17
BF-11080,32.67,15.1389,1,9,2017-05-12
BF-11170,5402.286,1464.4649,10,85,2017-12-14
BF-11215,892.222,349.9783,3,45,2017-10-26
BF-11275,750.0799999999999,14.973599999999998,2,8,2017-03-11
BG-11035,2139.048,-929.1944000000001,7,33,2017-02-12
BG-11695,998.274,27.8768,4,19,2017-11-24
BG-11740,619.356,60.859300000000005,5,13,2017-04-17
BH-11710,2541.047,502.0211,7,59,2017-07-12
BK-11260,659.1379999999999,-63.764399999999995,6,58,2017-10-14
BM-11140,11432.84,-1759.8592999999998,3,57,2016-04-12
BM-11575,808.162,95.58160000000001,6,22,2017-09-21
BM-11650,7266.558,2193.1992,9,87,2017-11-27
BM-11785,1338.842,137.7439,10,44,2017-05-26
BN-11470,72.872,11.9324,3,7,2017-06-12
BN-11515,1459.344,340.7054,5,79,2017-12-21
BO-11350,2682.728,278.77700000000004,5,43,2017-08-15
BO-11425,124.75,57.385,1,5,2017-10-16
BP-11050,961.18,207.281,4,28,2017-08-10
BP-11095,2277.116,425.0915,10,60,2017-12-13
BP-11155,1673.306,644.2344,4,24,2017-02-10
BP-11185,1969.02,237.5078,7,53,2017-12-29
BP-11230,158.52,58.473,4,9,2017-11-21
BP-11290,1297.163,-22.321799999999993,4,28,2017-12-18
BS-11365,10501.653,2616.0643999999998,5,39,2016-06-20
BS-11380,3632.27,-31.194800000000022,3,53,2017-11-16
BS-11590,2454.928,381.7807,6,41,2017-11-25
BS-11665,3288.1099999999997,238.73680000000002,3,47,2016-05-27
BS-11755,1396.6560000000002,-224.6151,5,22,2017-12-29
BS-11800,760.8,116.9461,1,17,2017-09-04
BT-11305,2567.656,417.5918,5,33,2017-01-28
BT-11395,801.8030000000001,51.979600000000005,4,23,2017-03-03
BT-11440,603.876,-77.5256,4,16,2016-06-18
BT-11485,415.19599999999997,126.8694,2,11,2016-11-03
BT-11530,2524.5119999999997,361.5043,4,42,2017-02-26
BT-11680,172.12,65.364,4,23,2017-11-20
BV-11245,1523.2730000000001,315.2214,5,49,2017-01-30
BW-11065,339.36400000000003,-70.4015,2,5,2017-01-06
BW-11110,3506.0240000000003,801.9372,5,45,2017-07-01
BW-11200,511.522,98.00729999999999,1,25,2016-10-27
CA-11965,3789.7228,1143.3817,6,29,2017-09-25
CA-12055,1679.7240000000002,211.2559,5,49,2016-11-24
CA-12265,2638.3272,274.9371,8,63,2017-10-19
CA-12310,1421.954,246.02179999999998,4,25,2017-12-17
CA-12775,1248.445,40.004700000000014,5,35,2017-01-09
CB-12025,3990.707,-226.79349999999997,8,91,2017-11-13
CB-12415,1803.7,212.1693,7,38,2017-11-16
CB-12535,4108.5835,986.2692999999999,6,63,2017-06-16
CC-12100,1524.445,161.50459999999998,5,37,2016-09-29
CC-12145,2420.13,390.7369,6,27,2017-09-15
CC-12220,2882.022,263.9044,10,60,2017-11-16
CC-12370,12129.072000000002,2177.0493,5,34,2017-11-17
CC-12430,2870.05,424.6583,10,63,2017-12-30
CC-12475,970.54,140.904,7,27,2017-11-21
CC-12550,113.832,33.870599999999996,3,14,2017-06-15
CC-12610,2478.839,325.2548,6,35,2017-11-26
CC-12670,2247.7215,179.2677,6,45,2017-06-18
CC-12685,2490.045,719.0794,3,38,2015-10-23
CD-11920,1750.048,408.916,4,30,2017-11-20
CD-11980,639.766,-206.7172,3,22,2017-06-11
CD-12280,1205.584,233.0274,2,39,2017-11-18
CD-12790,1860.732,403.8422,5,49,2016-11-26
CG-12040,904.4680000000001,86.5106,6,37,2017-11-11
CG-12520,1148.7800000000002,169.93439999999998,3,14,2017-01-26
CH-12070,1127.976,126.8973,1,3,2016-08-02
CJ-11875,16.52,1.652,1,5,2016-12-30
CJ-12010,9113.062,978.9097999999999,6,71,2017-06-24
CK-12205,3027.687,88.10309999999998,10,102,2017-11-21
CK-12325,2729.4809999999998,202.13610000000003,4,32,2017-02-17
CK-12595,1604.536,496.3772,7,61,2017-11-17
CK-12760,1513.367,-290.31170000000003,8,55,2017-09-10
CL-11890,1262.0140000000001,328.0847,4,24,2017-10-06
CL-12565,8079.698,1539.9367,9,63,2017-03-21
CL-12700,1371.1799999999998,159.8604,3,14,2017-09-16
CM-11815,1078.448,113.7578,4,22,2017-08-21
CM-11935,565.392,-43.732400000000005,2,18,2016-01-22
CM-12115,879.21,188.83730000000003,3,22,2017-12-22
CM-12160,2533.314,-394.3686,6,23,2017-10-21
CM-12190,1475.144,91.2033,6,21,2017-12-22
CM-12235,865.96,308.56,3,17,2016-10-12
CM-12385,8954.019999999999,3899.8903999999998,4,34,2017-11-23
CM-12445,257.53,53.656400000000005,2,28,2016-10-20
CM-12655,6339.5576,1572.4585,6,42,2017-03-12
CM-12715,3984.4524,176.3108,4,57,2015-01-03
CP-12085,5312.874,406.4922,6,41,2017-09-10
CP-12340,5888.275,-1850.3029000000001,8,59,2017-07-23
CR-12580,2148.852,74.40129999999999,4,32,2017-03-11
CR-12625,475.9,144.7594,3,14,2016-09-16
CR-12730,1577.43,298.5366,3,13,2017-10-13
CR-12820,1397.8724,83.27029999999999,3,26,2017-06-10
CS-11845,43.452,-19.8075,3,9,2015-09-17
CS-11860,524.528,100.891,4,11,2017-07-21
CS-11950,2138.2290000000003,-139.9796,9,60,2017-10-24
CS-12130,760.5840000000001,130.07920000000001,3,22,2015-12-20
CS-12175,87.22,7.906,2,10,2017-06-04
CS-12250,2211.876,627.5224000000001,11,78,2017-11-23
CS-12355,3155.062,816.9594,10,66,2017-12-24
CS-12400,2907.8705,-218.8053,8,45,2017-12-28
CS-12460,550.644,156.2593,2,13,2017-03-12
CS-12490,125.502,10.8534,2,13,2016-04-18
CS-12505,634.986,248.6513,4,21,2017-02-11
CT-11995,2434.364,175.14269999999996,6,48,2017-09-25
CV-12295,1639.788,383.5849,4,47,2017-04-20
CV-12805,1103.136,175.5531,7,32,2017-12-25
CW-11905,986.688,353.3734,4,29,2017-08-12
CY-12745,1753.6819999999998,-29.356899999999996,6,30,2017-09-16
Co-12640,1103.156,184.67620000000002,3,22,2015-02-08
DA-13450,69.36,17.0028,2,17,2014-09-26
DB-12910,1254.009,132.67079999999999,6,28,2017-09-12
DB-12970,2636.106,195.2179,4,25,2017-03-05
DB-13060,4531.646,473.0272,7,48,2017-12-14
DB-13120,2201.554,-285.05120000000005,5,52,2015-12-27
DB-13210,2210.225,156.20329999999998,9,72,2017-12-21
DB-13270,4614.703,844.8509999999999,6,45,2017-07-11
DB-13360,260.68,114.693,3,19,2016-03-13
DB-13405,1185.242,407.3222,3,57,2017-03-17
DB-13555,3892.5728,101.96650000000001,6,56,2017-09-14
DB-13615,1893.53,420.18379999999996,5,28,2017-09-21
DB-13660,1155.202,177.67350000000002,7,33,2017-12-18
DC-12850,3336.168,-1441.6312999999998,9,64,2017-11-23
DC-13285,1174.618,132.06820000000002,5,37,2017-07-12
DD-13570,269.542,36.4344,6,33,2017-11-19
DE-13255,2456.422,448.32419999999996,4,30,2015-09-24
DF-13135,2390.534,-259.3097,3,23,2016-01-30
DG-13300,1135.9679999999998,31.821599999999993,4,26,2016-08-22
DH-13075,4932.872,1193.7404,6,81,2017-03-28
DH-13675,585.352,44.0666,3,14,2015-11-15
DJ-13420,2012.52,483.03499999999997,4,20,2016-02-04
DJ-13510,2327.496,301.56489999999997,5,34,2017-08-05
DJ-13630,3356.398,731.5644,3,43,2017-12-18
DK-12835,2774.782,664.8339000000001,11,60,2017-10-21
DK-12895,3219.824,664.6107,3,37,2017-11-15
DK-12985,1687.04,-107.35379999999998,5,32,2017-12-23
DK-13090,2650.557,536.3935,7,33,2017-11-18
DK-13150,797.832,249.9447,2,20,2017-12-20
DK-13225,1874.252,-240.13689999999997,7,51,2017-12-20
DK-13375,2799.472,370.6629,6,61,2017-11-12
DL-12865,240.38400000000001,18.2625,5,16,2017-09-21
DL-12925,2859.96,-107.99520000000001,5,34,2017-03-11
DL-13315,1458.258,288.8732,8,74,2017-11-25
DL-13330,572.6,217.4648,3,29,2017-03-11
DL-13495,3539.322,-52.78799999999997,8,33,2017-10-15
DM-12955,1298.7060000000001,103.2467,5,22,2017-07-09
DM-13015,6345.103,1677.3931,7,87,2017-10-23
DM-13345,1319.35,37.65869999999998,6,29,2017-08-12
DM-13525,294.642,32.657799999999995,2,25,2016-05-09
DN-13690,1604.06,385.3278,4,27,2016-12-22
DO-13435,840.598,119.1506,8,42,2017-08-19
DO-13645,1209.748,288.31080000000003,6,32,2017-09-23
DP-13000,832.5640000000001,266.61379999999997,7,48,2017-05-14
DP-13105,2215.002,563.1761,8,63,2017-12-24
DP-13165,1058.616,-40.93759999999999,2,20,2015-10-10
DP-13390,5446.9839999999995,1556.3114,8,43,2017-01-01
DR-12880,4749.616,1416.3847,6,58,2017-12-27
DR-12940,6962.062,3039.4864000000002,4,35,2017-10-11
DS-13030,1054.852,216.0927,2,26,2017-04-04
DS-13180,1335.1148,76.6164,6,37,2017-07-12
DV-13045,1085.3429999999998,-439.4234,3,24,2017-11-12
DV-13465,3341.587,353.2127,6,62,2017-11-06
DW-13195,1080.751,-86.87379999999999,6,39,2017-10-22
DW-13480,3794.99,1168.6923,3,27,2016-08-20
DW-13540,327.88800000000003,76.5488,4,19,2017-09-23
DW-13585,706.362,104.3534,6,35,2017-04-14
Dl-13600,755.602,175.2388,5,19,2017-08-06
Dp-13240,6790.291,255.67379999999994,10,83,2017-09-15
EA-14035,1993.059,-394.4187,10,75,2017-04-30
EB-13705,3629.058,8.248500000000014,8,50,2017-10-20
EB-13750,3016.456,-140.95429999999996,7,61,2017-11-25
EB-13840,4344.508,650.0698,4,38,2017-01-10
EB-13870,2708.077,271.4894,8,35,2017-09-21
EB-13930,887.78,-27.80579999999999,4,21,2017-07-22
EB-13975,1643.255,162.8781,4,18,2017-12-30
EB-14110,2608.626,147.4922,3,16,2017-08-09
EB-14170,27.968,6.361600000000001,3,7,2017-09-10
EC-14050,368.39399999999995,69.6968,4,28,2017-07-11
ED-13885,3464.04,660.8387,7,46,2017-08-17
EG-13900,1832.02,104.2656,5,44,2017-11-17
EH-13765,9424.758,1110.1680000000001,9,97,2017-08-17
EH-13945,684.1709999999999,53.53980000000001,8,72,2017-05-27
EH-13990,825.9499999999999,150.3759,6,20,2016-11-20
EH-14005,1190.058,-104.08759999999997,6,47,2017-12-28
EH-14125,2005.791,303.55339999999995,6,52,2017-06-21
EH-14185,923.884,242.1107,6,22,2017-09-16
EJ-13720,2162.174,387.0176,4,31,2017-03-03
EJ-14155,2656.691,451.87550000000005,5,31,2017-05-14
EK-13795,1303.478,97.10659999999999,4,18,2017-11-16
EL-13735,124.28,27.1154,2,9,2017-10-14
EM-13810,2567.0099999999998,-133.8275,5,23,2017-08-20
EM-13825,1802.402,440.7408,5,37,2017-07-20
EM-13960,933.704,102.29599999999999,5,18,2017-01-08
EM-14065,228.99,40.15459999999999,4,22,2017-11-13
EM-14095,1041.0420000000001,240.2362,4,34,2017-08-09
EM-14140,3305.826,810.2481,5,41,2017-12-11
EM-14200,309.812,-0.3113999999999999,2,8,2017-07-25
EN-13780,1670.2259999999999,444.95829999999995,3,19,2017-03-18
EP-13915,5332.5968,132.44790000000003,13,107,2017-12-18
ER-13855,1245.788,-295.7398,3,27,2016-06-09
ES-14020,3270.488,931.3025,4,28,2017-11-20
ES-14080,3198.8239999999996,198.6503,7,65,2017-09-19
FA-14230,2273.94,333.9861,5,40,2017-09-24
FC-14245,3418.742,1217.1662000000001,7,50,2017-10-21
FC-14335,3884.182,712.4782,6,36,2017-05-02
FG-14260,1084.68,368.6241,6,42,2017-11-26
FH-14275,3873.132,910.0956,9,44,2017-11-23
FH-14350,2271.284,706.289,4,52,2017-02-13
FH-14365,6979.215999999999,2046.3724000000002,7,49,2017-12-25
FM-14215,507.13,100.8086,6,23,2017-12-23
FM-14290,3736.198,198.10949999999997,9,79,2017-11-24
FM-14380,2067.618,144.069,7,47,2017-07-08
FO-14305,2449.074,248.80659999999997,8,43,2017-11-22
FP-14320,4046.746,406.44730000000004,8,54,2017-07-12
FW-14395,79.75,23.491300000000003,3,9,2017-02-01
GA-14515,3901.92,836.6582,7,44,2017-06-24
GA-14725,822.702,11.328200000000006,9,56,2017-12-25
GB-14530,725.034,142.1987,8,35,2017-10-29
GB-14575,4372.356,987.1011,3,52,2017-12-17
GD-14590,1150.676,386.2356,3,14,2017-12-25
GG-14650,1216.064,-109.845,8,47,2017-11-17
GH-14410,993.799,-560.5059,5,33,2017-10-16
GH-14425,4172.8460000000005,1176.4181,4,51,2017-10-11
GH-14485,1361.2440000000001,-95.4498,2,15,2016-08-12
GH-14665,146.94080000000002,-5.810200000000001,2,9,2017-12-28
GK-14620,6497.27,1448.5525,9,66,2017-09-09
GM-14440,3522.7,325.0216,6,34,2017-08-10
GM-14455,2320.272,527.8582,5,48,2017-12-14
GM-14500,484.304,94.286,6,26,2017-09-15
GM-14680,330.588,-115.7058,1,1,2016-01-10
GM-14695,6049.966,188.7235,3,44,2017-04-09
GP-14740,236.53,31.837600000000002,2,21,2015-11-26
GR-14560,1284.38,359.83320000000003,2,23,2014-11-21
GT-14635,9351.212,-4108.6589,3,26,2017-04-11
GT-14710,9129.86,1179.8812,9,89,2017-11-24
GT-14755,147.09199999999998,-20.2098,3,15,2017-11-26
GW-14605,2098.449,-280.3164,6,40,2017-02-12
GZ-14470,4355.150000000001,1087.7539,9,48,2017-12-23
GZ-14545,381.36,106.7808,1,7,2017-03-19
HA-14905,1531.58,209.5678,5,32,2017-10-22
HA-14920,1919.7379999999998,67.2763,5,54,2017-10-12
HD-14785,129.308,31.0026,2,19,2015-11-22
HE-14800,883.5319999999999,274.4028,4,44,2017-12-18
HF-14995,1528.716,79.3326,5,57,2017-09-12
HG-14845,715.728,125.402,4,26,2017-09-10
HG-14965,3121.142,-2837.8021,10,61,2017-07-12
HG-15025,3626.364,785.4352999999999,6,36,2017-12-24
HH-15010,218.668,86.7342,2,20,2017-10-19
HJ-14875,358.1,98.6548,5,21,2017-08-26
HK-14890,4386.234,716.0856000000001,7,59,2017-03-26
HL-15040,12838.508,5611.644300000001,5,43,2017-11-17
HM-14860,6638.120000000001,2355.3316,8,62,2017-12-28
HM-14980,573.952,75.6782,2,13,2016-09-18
HP-14815,608.822,67.3284,5,32,2017-01-23
HR-14770,611.888,137.4614,4,33,2017-12-17
HR-14830,5248.787,1196.9504,7,51,2017-07-24
HW-14935,8563.994,2063.3815,7,74,2017-08-18
HZ-14950,821.096,-78.04870000000001,4,17,2017-11-25
IG-15085,374.43399999999997,176.1436,3,16,2017-10-20
IL-15100,1836.446,332.7068,5,28,2016-07-23
IM-15055,2872.63,975.7701,3,19,2016-11-16
IM-15070,4930.474,514.6527,7,93,2016-06-23
JA-15970,5775.111999999999,-891.9336000000001,6,74,2017-09-22
JB-15400,1791.605,156.05319999999998,10,43,2017-12-23
JB-15925,900.552,-286.9808,3,32,2015-12-24
JB-16000,619.2688,119.0614,6,27,2017-11-17
JB-16045,2518.115,201.51850000000002,5,32,2017-12-23
JC-15340,71.263,-0.35560000000000036,4,12,2017-07-09
JC-15775,2336.056,274.4398,8,61,2017-07-25
JC-16105,858.576,201.5952,5,43,2017-10-23
JD-15790,2152.352,-266.55249999999995,5,26,2017-04-09
JD-15895,4688.488,582.3616,8,116,2016-07-16
JD-16015,252.83,9.5225,5,33,2017-09-09
JD-16060,695.442,111.11410000000001,3,17,2017-05-03
JD-16150,8828.0305,1619.5199,8,60,2017-11-19
JE-15475,1318.692,244.41189999999997,4,43,2017-06-20
JE-15610,4642.35,130.4727,5,60,2017-09-22
JE-15715,8697.842999999999,1262.2926,10,97,2017-11-14
JE-15745,5739.754999999999,367.6459,11,74,2017-09-22
JE-16165,2697.248,789.6476,3,34,2017-10-20
JF-15190,1432.126,312.9405,6,55,2017-10-26
JF-15295,693.028,107.1608,3,31,2017-05-19
JF-15355,1821.894,287.023,5,53,2017-09-16
JF-15415,2371.448,635.6376,6,69,2017-12-28
JF-15490,1063.798,-21.59530000000001,10,32,2017-06-05
JF-15565,1624.034,147.26659999999998,5,47,2017-06-11
JG-15115,2358.676,684.1911,3,20,2015-03-12
JG-15160,5597.3679999999995,1320.3698,10,53,2017-12-29
JG-15310,2240.58,3.7976000000000063,6,46,2017-12-28
JG-15805,788.068,114.9769,5,36,2017-05-21
JH-15430,253.60899999999998,-42.8664,3,22,2017-12-25
JH-15820,299.99,11.7747,5,24,2017-01-27
JH-15910,447.78499999999997,-72.5585,3,18,2017-11-19
JH-15985,5894.254,-1288.6807,5,57,2017-01-12
JH-16180,2256.3940000000002,-96.95300000000002,4,28,2016-11-21
JJ-15445,107.678,34.9264,4,17,2016-06-16
JJ-15760,195.0,34.449200000000005,2,11,2015-08-12
JK-15205,241.74,-16.4238,2,17,2016-01-10
JK-15325,383.812,55.32769999999999,3,15,2017-03-18
JK-15370,1602.52,214.606,6,54,2017-11-16
JK-15625,2060.5879999999997,506.2407999999999,4,23,2015-12-25
JK-15640,4752.466,1169.6419,8,39,2017-03-07
JK-15730,4471.07,-82.54569999999998,8,66,2017-07-10
JK-16090,3747.668,586.6625,3,43,2017-02-12
JK-16120,2763.036,107.62209999999999,8,34,2017-04-09
JL-15130,1142.988,-209.7818,4,35,2017-12-22
JL-15175,1571.523,209.2817,5,29,2017-12-24
JL-15235,746.6479999999999,-83.55239999999998,3,18,2017-02-09
JL-15505,2613.054,551.9741,3,32,2017-11-11
JL-15835,9435.561,127.60740000000001,9,132,2017-11-24
JL-15850,1984.5259999999998,560.8944,5,25,2016-04-25
JM-15250,2660.514,-135.41039999999998,5,69,2017-11-23
JM-15265,1569.63,514.5157,4,38,2017-11-23
JM-15535,1725.083,353.5299,6,44,2017-09-19
JM-15580,249.048,86.21940000000001,4,21,2017-12-30
JM-15655,791.161,106.04320000000001,3,30,2017-12-22
JM-15865,7351.756,1453.138,5,39,2017-05-16
JM-16195,1111.1960000000001,312.779,7,52,2017-07-09
JO-15145,2858.335,523.683,6,45,2017-10-27
JO-15280,1690.3519999999999,257.0182,5,31,2016-04-19
JO-15550,1067.288,166.4934,4,37,2017-04-16
JP-15460,1669.135,429.7465,7,54,2017-11-23
JP-15520,3635.594,757.1802,7,63,2017-12-22
JP-16135,1139.1979999999999,151.8756,7,36,2017-09-19
JR-15670,1156.658,-785.1645,2,14,2016-05-16
JR-15700,863.88,107.985,1,3,2017-10-23
JR-16210,1423.636,104.75340000000003,3,27,2017-09-19
JS-15595,1417.654,-175.54899999999998,4,35,2017-02-09
JS-15685,1131.0639999999999,-54.8692,4,42,2017-11-18
JS-15880,2501.98,381.9818,4,33,2016-07-14
JS-15940,469.169,-327.9336,5,37,2016-09-23
JS-16030,2516.494,-311.25749999999994,6,70,2017-10-19
JW-15220,7430.914000000001,2080.8468,4,42,2017-11-18
JW-15955,1049.2379999999998,-41.75389999999999,6,37,2017-12-25
JW-16075,1323.467,133.6845,2,28,2015-10-12
KA-16525,756.758,95.8708,3,18,2017-11-20
KB-16240,1697.065,475.5861,6,24,2017-12-26
KB-16315,953.98,-60.07440000000001,5,36,2016-06-09
KB-16405,908.821,274.297,3,25,2017-04-09
KB-16585,2524.912,499.52549999999997,10,89,2017-05-14
KB-16600,983.922,293.55240000000003,7,29,2017-12-29
KC-16255,2120.954,846.1217,6,40,2016-11-18
KC-16540,553.282,69.8449,3,14,2017-09-24
KC-16675,693.586,161.73669999999998,3,19,2017-05-26
KD-16270,8282.358,1107.6952000000003,5,64,2016-04-06
KD-16345,1888.964,328.5942,6,36,2017-11-19
KD-16495,8074.312000000001,3003.6014,11,74,2017-09-09
KD-16615,2131.622,517.3443,4,49,2017-03-16
KE-16420,1686.7312,397.87989999999996,8,67,2017-11-13
KF-16285,7970.756,1027.6767,6,58,2017-11-09
KH-16330,2735.742,450.3207,7,60,2017-11-20
KH-16360,2034.76,468.0579,4,32,2017-12-29
KH-16510,5887.131,656.645,6,84,2017-08-12
KH-16630,3670.518,671.347,7,72,2017-02-11
KH-16690,4679.7699999999995,1276.6785,5,32,2017-12-28
KL-16555,5016.488,-182.78130000000002,8,84,2017-12-14
KL-16645,12488.859,487.03979999999996,10,100,2017-11-13
KM-16225,2260.958,635.1057000000001,6,72,2017-12-16
KM-16375,5620.186,973.7901999999999,8,69,2017-04-11
KM-16660,434.63800000000003,82.4451,4,27,2017-12-15
KM-16720,2968.506,614.2193,6,76,2017-02-12
KN-16390,2608.602,-155.2267,8,53,2017-11-12
KN-16450,283.287,115.051,3,19,2017-08-11
KN-16705,998.662,33.0959,6,37,2017-09-23
KS-16300,26.596,6.4894,2,5,2015-03-15
KT-16465,2911.532,254.0032,6,43,2016-04-14
KT-16480,1909.25,277.9352,4,11,2017-09-21
KW-16435,3854.494,1637.1502,4,27,2017-07-31
KW-16570,379.88,96.6794,3,16,2015-11-20
LA-16780,5787.532,1299.7828,7,56,2016-12-23
LB-16735,23.468,9.2987,2,7,2017-04-26
LB-16795,4113.176,-454.10209999999995,7,67,2017-09-05
LC-16870,2580.7039999999997,-188.25110000000004,8,113,2017-09-23
LC-16885,6280.584,1306.3654999999999,9,73,2017-12-14
LC-16930,4304.162,256.352,5,35,2017-11-19
LC-16960,3246.626,299.48019999999997,4,30,2016-10-20
LC-17050,2095.064,86.77799999999999,5,43,2017-09-09
LC-17140,2633.582,231.12520000000004,9,62,2017-12-17
LD-16855,5.304,0.4641,1,3,2016-06-26
LD-17005,352.61400000000003,111.27059999999999,3,7,2016-11-11
LE-16810,1439.55,156.68189999999998,5,27,2017-09-12
LF-17185,3930.5089999999996,-3583.977,7,69,2017-08-12
LH-16750,287.426,12.627699999999999,3,12,2017-04-25
LH-16900,2295.332,526.0727,9,64,2017-09-12
LH-17020,210.257,-215.7444,3,31,2017-05-05
LH-17155,1235.665,329.1554,7,36,2016-10-12
LL-16840,2344.7,412.92560000000003,3,26,2017-02-17
LM-17065,730.634,-120.9832,4,22,2016-06-08
LO-17170,596.37,126.1812,4,32,2017-12-28
LP-17080,756.606,110.7813,4,39,2017-11-20
LP-17095,3653.399,338.44539999999995,7,52,2017-12-21
LR-16915,4702.748,504.694,5,52,2017-04-12
LR-17035,1879.306,-382.8079,5,44,2017-08-20
LS-16945,2798.214,-338.6593,3,44,2017-05-07
LS-16975,1569.3300000000002,22.075700000000005,5,31,2017-10-12
LS-17200,769.744,158.7852,4,35,2017-09-25
LS-17230,368.88000000000005,39.1952,3,16,2015-11-14
LS-17245,994.7560000000001,342.2036,5,45,2017-11-26
LT-16765,128.292,38.8776,2,6,2017-04-12
LT-17110,2936.252,320.973,8,63,2017-11-26
LW-16825,1472.567,-206.7832,4,36,2017-03-10
LW-16990,2619.618,418.0848,4,23,2017-11-14
LW-17125,1120.73,165.8033,1,10,2016-05-11
LW-17215,1393.412,380.4262,5,41,2017-09-12
MA-17560,4299.161,1240.2266,11,117,2017-10-27
MA-17995,2253.3579999999997,245.3636,4,37,2016-07-11
MB-17305,1454.3419999999999,181.2302,9,58,2017-09-10
MB-18085,1165.089,147.2643,5,35,2017-11-16
MC-17275,2725.982,461.0014,8,54,2017-10-15
MC-17425,3581.7619999999997,1610.1964,3,34,2016-11-26
MC-17575,1033.911,170.252,7,37,2017-07-08
MC-17590,2385.587,274.4113,5,45,2017-09-11
MC-17605,2242.96,193.94459999999998,7,57,2017-09-09
MC-17635,731.134,-277.39270000000005,3,27,2017-06-24
MC-17845,3805.714,698.4174,7,45,2017-12-29
MC-18100,1719.568,-17.647000000000002,8,55,2017-11-19
MC-18130,1569.038,115.53569999999999,4,32,2016-12-26
MD-17350,2832.9739999999997,-68.6028,6,60,2017-08-05
MD-17860,1042.912,-50.919200000000004,3,33,2017-11-24
ME-17320,8357.448,1692.1300999999999,7,58,2017-11-18
ME-17725,1644.0072,-7.602499999999992,5,24,2017-06-29
ME-18010,1205.776,113.7564,3,13,2015-05-21
MF-17665,921.8710000000001,-345.31850000000003,4,34,2016-07-22
MF-18250,1299.936,322.2482,3,21,2017-12-23
MG-17650,1185.322,123.32540000000002,3,28,2017-03-16
MG-17680,2350.188,25.888599999999972,4,25,2017-09-29
MG-17695,1342.282,-398.79319999999996,3,23,2016-06-23
MG-17875,1242.8329999999999,-470.7684,5,23,2017-05-09
MG-17890,564.432,156.8335,7,29,2017-09-22
MG-18145,2170.702,59.1126,3,39,2017-07-27
MH-17290,1406.837,261.8152,5,45,2017-02-09
MH-17440,158.516,61.428599999999996,3,21,2016-12-19
MH-17455,2388.782,455.2889,7,36,2017-07-13
MH-17620,82.236,14.3076,3,10,2016-09-26
MH-17785,2083.842,226.8363,5,38,2017-09-23
MH-18025,2983.16,479.9428,4,28,2017-11-11
MH-18115,5185.821,178.5718,7,62,2017-12-25
MJ-17740,5249.506,711.402,5,33,2017-08-12
MK-17905,2302.368,-405.3559,8,73,2017-08-13
MK-18160,1031.602,227.83380000000002,4,43,2017-04-05
ML-17395,2679.174,683.3118000000001,7,60,2017-10-22
ML-17410,2362.47,-238.9173,4,43,2017-07-18
ML-17755,1984.226,384.2559,6,42,2017-11-30
ML-18040,6.37,-9.555,1,7,2017-04-06
ML-18265,162.232,42.6648,2,7,2017-09-21
MM-17260,1029.495,130.7312,2,11,2017-07-15
MM-17920,2622.152,416.97380000000004,9,53,2017-12-23
MM-18055,2212.161,-689.4711,5,49,2017-08-09
MM-18280,662.1479999999999,27.2051,7,25,2017-09-18
MN-17935,1868.49,232.6675,4,26,2017-11-26
MO-17500,922.487,59.357699999999994,4,15,2017-10-19
MO-17800,1495.774,238.75979999999998,6,33,2017-09-17
MO-17950,154.288,-82.0074,2,14,2017-03-07
MP-17470,506.876,90.82419999999999,3,11,2015-03-12
MP-17965,3983.6420000000003,638.1563,9,62,2017-10-19
MP-18175,4553.349,352.9091,7,75,2017-12-14
MR-17545,639.178,162.9363,4,29,2017-08-27
MS-17365,7443.6900000000005,844.9354999999998,10,105,2017-01-04
MS-17530,475.65599999999995,84.0268,4,21,2016-10-22
MS-17710,1570.78,253.3826,5,34,2016-05-26
MS-17770,2314.112,72.0546,6,55,2016-10-11
MS-17830,329.80400000000003,8.513199999999998,3,9,2016-04-10
MS-17980,787.0840000000001,32.461200000000005,4,36,2017-04-12
MT-17815,2890.139,509.0068,6,31,2017-11-11
MT-18070,343.9048,-96.214,2,18,2015-10-24
MV-17485,1476.35,185.67780000000002,8,47,2017-11-24
MV-18190,1694.654,260.88419999999996,6,35,2017-11-12
MW-18220,5341.900000000001,1238.422,7,51,2017-12-13
MW-18235,5253.876,1665.516,2,13,2017-11-16
MY-17380,1303.456,269.5424,5,29,2017-10-16
MY-18295,3625.7360000000003,-513.4839,10,75,2017-10-20
MZ-17335,567.7760000000001,75.462,3,8,2017-03-26
MZ-17515,2528.466,805.9323,4,17,2017-03-23
NB-18580,129.92,10.3936,1,4,2014-10-22
NB-18655,1196.864,-73.9323,5,30,2017-11-18
NC-18340,2461.404,580.3075,5,54,2017-05-20
NC-18415,2206.03,-2211.0280000000002,5,36,2017-11-19
NC-18535,8183.323,1297.9634,6,62,2017-12-24
NC-18625,1640.402,-390.2962,3,19,2017-09-06
ND-18370,4326.139,353.64549999999997,9,63,2017-10-21
ND-18460,460.515,76.9076,4,21,2017-05-19
NF-18385,6058.21,-1789.9422000000002,5,36,2017-12-10
NF-18475,107.182,13.033199999999997,3,11,2016-07-23
NF-18595,2031.472,388.2131,7,55,2017-08-18
NG-18355,1869.58,313.63349999999997,5,45,2017-12-11
NG-18430,616.778,188.81820000000002,4,26,2015-11-22
NH-18610,2235.9339999999997,631.3428,5,31,2017-08-04
NK-18490,462.58799999999997,82.075,5,42,2017-10-21
NL-18310,1305.626,316.6975,2,36,2017-02-11
NM-18445,6459.344,2751.6848999999997,7,44,2017-07-23
NM-18520,2156.219,786.1301000000001,9,58,2016-12-23
NP-18325,5529.62,1208.8890000000001,6,77,2017-05-12
NP-18670,1111.202,273.3408,3,22,2017-02-11
NP-18685,1228.698,514.5017,6,23,2016-11-19
NP-18700,6103.0145,411.0748,6,55,2017-08-14
NR-18550,2367.277,-25.148799999999966,5,37,2017-03-06
NS-18505,2575.863,-12.303999999999997,4,52,2017-12-24
NS-18640,2964.823,-234.7714,13,113,2017-09-07
NW-18400,2696.208,177.8415,4,44,2016-03-11
NZ-18565,2405.1220000000003,409.06100000000004,7,64,2017-06-10
ON-18715,1504.08,-33.866600000000005,8,54,2016-11-15
OT-18730,1737.6539999999998,-909.111,2,16,2016-07-28
PA-19060,729.408,225.8588,6,27,2017-09-18
PB-18805,740.356,229.2257,3,54,2017-05-12
PB-19105,688.324,218.15970000000002,4,18,2017-09-22
PB-19150,1281.6580000000001,281.897,6,41,2017-09-24
PB-19210,62.808,21.1977,1,3,2014-11-23
PC-18745,1800.5040000000001,262.2702,3,19,2017-12-28
PC-19000,1011.696,-172.5108,1,10,2015-01-08
PF-19120,9062.864,-614.2943000000001,4,75,2015-09-17
PF-19165,1316.95,-167.44940000000003,4,15,2017-06-17
PF-19225,2070.178,551.8863,4,31,2017-07-09
PG-18820,2499.201,10.0806,9,56,2017-11-24
PG-18895,1243.414,329.4462,6,45,2017-06-20
PH-18790,729.648,47.8878,1,6,2017-10-21
PJ-18835,1135.082,434.1867,7,36,2017-11-21
PJ-19015,1824.2340000000002,682.9979000000001,7,25,2017-08-18
PK-18910,1441.152,-798.705,2,14,2016-03-09
PK-19075,8491.562,2051.5852,11,105,2017-12-21
PL-18925,239.481,-0.7527000000000026,5,29,2017-12-15
PM-18940,1405.402,157.8768,3,16,2016-09-12
PM-19135,4115.662,526.7537,4,36,2017-09-11
PN-18775,1329.006,171.04319999999998,6,41,2017-09-11
PO-18850,6203.9582,355.3271,10,66,2017-12-26
PO-18865,2493.214,437.8533,7,54,2017-12-30
PO-19180,3131.908,918.0009,5,33,2017-07-23
PO-19195,1056.858,-49.70089999999999,5,32,2017-05-10
PP-18955,4739.018,1037.8341,8,121,2017-09-24
PR-18880,1718.29,223.20499999999998,4,38,2017-11-24
PS-18760,2162.509,-143.5466,5,74,2017-09-14
PS-18970,989.3109999999999,137.7111,5,36,2017-10-22
PS-19045,6843.634,1742.7296999999999,7,47,2017-08-05
PT-19090,155.392,-12.021799999999999,3,14,2017-10-20
PV-18985,2231.28,402.41880000000003,3,32,2017-02-10
PW-19030,3454.916,803.8169,10,48,2017-11-14
PW-19240,3922.4150000000004,1290.354,7,39,2016-09-22
QJ-19255,6094.7699999999995,1200.4543999999999,8,57,2017-05-12
RA-19285,2347.106,469.1931,8,50,2017-12-25
RA-19885,3827.706,1291.1952,6,51,2017-11-17
RA-19915,4739.3550000000005,278.7573,7,70,2017-12-18
RA-19945,977.88,-8.951900000000002,4,18,2017-10-30
RB-19330,1008.1959999999999,-164.40619999999998,2,16,2017-10-23
RB-19360,15056.854,6969.861,5,63,2017-09-25
RB-19435,2655.1059999999998,475.1651,7,63,2017-11-19
RB-19465,4353.328,543.8751,10,67,2017-12-21
RB-19570,528.546,76.8879,5,35,2017-05-12
RB-19645,221.084,72.679,5,29,2016-03-22
RB-19705,2067.45,243.07549999999998,4,22,2017-09-14
RB-19795,2003.3799999999999,81.8694,7,58,2017-05-13
RC-19825,966.409,63.991400000000006,6,29,2016-12-26
RC-19960,786.184,-23.040899999999997,5,42,2017-11-09
RD-19480,2527.57,371.07,7,52,2017-10-19
RD-19585,2808.384,697.6465999999999,9,57,2017-03-07
RD-19660,2745.892,835.3646,4,20,2017-07-09
RD-19720,1312.568,187.7961,7,63,2017-09-12
RD-19810,910.3159999999999,272.4789,6,40,2017-12-16
RD-19900,3133.924,455.5292,9,85,2017-07-09
RD-19930,970.9420000000001,35.05740000000001,4,33,2017-11-18
RE-19405,48.36,6.045,1,5,2014-12-29
RE-19450,876.696,209.2294,5,47,2017-03-03
RF-19345,628.818,206.93290000000002,6,40,2016-05-12
RF-19735,1045.58,392.04909999999995,5,40,2017-02-10
RF-19840,945.222,280.0261,8,45,2017-12-24
RH-19495,3511.872,525.4613,3,32,2017-09-21
RH-19510,3038.77,864.925,4,32,2016-09-19
RH-19555,8.226,-6.0324,1,3,2015-04-12
RH-19600,2085.7400000000002,172.6261,3,43,2016-07-14
RK-19300,1250.522,283.666,2,28,2017-02-09
RL-19615,3257.267,9.192999999999998,5,56,2017-07-07
RM-19375,1229.13,364.568,4,24,2017-01-19
RM-19675,5979.0960000000005,1902.5438000000001,5,39,2017-12-24
RM-19750,98.35,28.6879,1,4,2017-06-03
RO-19780,3800.886,-1267.4964000000002,6,45,2017-11-25
RP-19270,954.6452,59.538399999999996,4,47,2016-08-21
RP-19390,5153.084,465.25030000000015,12,88,2017-11-27
RP-19855,1818.8,506.7507,7,47,2017-05-27
RR-19315,615.932,-73.835,2,7,2017-11-12
RR-19525,3302.2619999999997,721.6826,6,36,2017-07-13
RS-19420,3189.25,619.0334,4,25,2017-10-15
RS-19765,4159.7699999999995,1206.3851,8,54,2017-11-24
RS-19870,22.328,9.5838,2,10,2017-11-12
RW-19540,7249.381,1545.1817,6,86,2017-08-17
RW-19630,2558.026,516.8824999999999,7,50,2017-04-13
RW-19690,2245.006,449.90279999999996,3,17,2017-03-21
SA-20830,4745.4115,599.8425000000001,9,72,2017-09-04
SB-20170,38.572,-33.3918,1,5,2014-06-06
SB-20185,6319.58,867.1342,5,39,2017-06-25
SB-20290,7792.031,-2162.5031,6,77,2017-11-13
SC-20020,3362.9636,-317.0508,5,62,2015-10-11
SC-20050,4601.562,1046.2593,7,49,2017-11-20
SC-20095,14012.766,5781.7059,8,85,2017-01-15
SC-20230,4371.9580000000005,440.14099999999996,4,49,2017-03-08
SC-20260,1729.616,417.8131,6,42,2017-06-26
SC-20305,3794.481,157.5565,5,49,2017-04-23
SC-20380,3682.932,785.4386999999999,6,62,2017-09-17
SC-20440,1874.998,379.5611,7,44,2017-11-24
SC-20575,803.528,74.4333,4,25,2017-08-19
SC-20680,970.0400000000001,258.2566,3,12,2016-12-17
SC-20695,1758.418,422.7849,6,48,2017-02-10
SC-20725,4528.616,1054.5431,8,91,2017-06-26
SC-20770,4267.757,-735.4258,6,71,2017-11-19
SC-20800,276.88800000000003,50.9964,3,9,2017-06-15
SC-20845,280.632,31.1757,2,13,2017-08-21
SD-20485,2030.462,0.2785000000000015,6,73,2017-06-13
SE-20110,11227.550000000003,2331.0058999999997,8,49,2017-12-21
SF-20065,426.726,129.57389999999998,6,26,2017-07-16
SF-20200,3380.5419999999995,269.12149999999997,8,64,2017-08-27
SF-20965,152.802,16.983299999999996,4,15,2015-09-17
SG-20080,3406.5809999999997,570.438,3,30,2017-12-22
SG-20470,1326.826,-271.23789999999997,5,33,2017-06-30
SG-20605,3124.832,463.269,6,49,2017-09-13
SG-20890,47.946,-3.7073,3,17,2017-05-18
SH-19975,2957.594,530.292,11,104,2017-09-22
SH-20395,2148.768,-146.7594,9,44,2017-10-09
SH-20635,2096.392,260.6258,2,16,2015-11-26
SJ-20125,3908.966,124.52059999999999,10,97,2017-09-26
SJ-20215,1135.152,-43.2141,4,28,2017-08-16
SJ-20500,1226.256,49.59229999999997,4,21,2017-04-21
SK-19990,876.249,165.3565,2,17,2017-12-22
SL-20155,3053.012,527.9715,7,30,2017-10-21
SM-20005,244.49399999999997,-26.5927,4,26,2016-06-23
SM-20320,24516.6,-2012.3263,4,45,2017-12-10
SM-20905,1043.041,-237.2885,1,20,2016-03-05
SM-20950,2679.224,868.879,8,48,2017-07-20
SN-20560,668.434,249.6915,3,38,2016-06-26
SN-20710,2651.5652,423.7668,5,69,2016-11-18
SO-20335,1622.63,299.42879999999997,5,45,2017-09-09
SP-20545,1306.086,-118.77570000000001,6,43,2017-06-02
SP-20620,5440.319,-270.42819999999995,9,77,2017-11-13
SP-20650,1383.8600000000001,129.0846,6,40,2016-09-12
SP-20860,4232.588,564.5932,8,76,2017-04-03
SP-20920,398.973,8.932400000000005,4,29,2017-10-21
SR-20425,3233.481,-3333.9144,5,34,2017-12-22
SR-20740,4345.8859999999995,1990.4243999999999,8,50,2017-06-17
SS-20140,1324.028,332.3487,8,86,2017-12-15
SS-20410,2488.692,-885.0501999999999,3,34,2015-11-21
SS-20515,613.4,199.93449999999999,3,36,2016-08-26
SS-20590,324.51,122.3829,5,15,2016-10-24
SS-20875,823.9259999999999,-85.4032,3,23,2017-01-09
ST-20530,433.34000000000003,84.4419,7,33,2017-08-27
SU-20665,2595.364,763.4719,7,61,2017-10-12
SV-20365,10558.298,1162.4911,8,104,2017-09-20
SV-20785,4072.905,469.4752,8,86,2017-02-13
SV-20815,1271.0900000000001,199.6502,4,24,2017-10-15
SV-20935,1903.491,106.8912,8,66,2017-12-28
SW-20245,636.394,-12.257000000000005,5,24,2017-10-10
SW-20275,1770.4699999999998,278.6801,4,21,2017-11-21
SW-20350,495.86400000000003,-41.2445,2,21,2017-07-21
SW-20455,1919.96,668.4568,6,16,2017-07-21
SW-20755,758.6959999999999,68.2416,2,27,2016-07-14
SZ-20035,3600.7690000000002,359.55350000000004,10,67,2017-11-25
TA-21385,13807.77,4523.3625,3,24,2017-10-22
TB-21055,918.1060000000001,224.3344,4,41,2017-03-21
TB-21175,3397.488,853.5667,3,29,2017-02-11
TB-21190,809.9340000000001,175.9462,3,21,2017-11-11
TB-21250,1118.6280000000002,312.6783,6,69,2017-01-15
TB-21280,2115.3,453.9737,5,25,2016-03-25
TB-21355,834.328,268.967,5,44,2017-06-08
TB-21400,8414.582,2600.4304,6,37,2017-03-30
TB-21520,4324.822,-1709.7355,8,69,2017-09-14
TB-21595,929.208,68.5313,4,20,2017-03-20
TB-21625,1399.812,308.2208,6,43,2017-11-17
TC-20980,19044.906000000003,8978.7647,4,40,2016-02-10
TC-21145,1038.26,265.5332,1,17,2017-09-15
TC-21295,4266.812,606.3727,8,63,2017-11-14
TC-21475,1118.8,168.85019999999997,7,34,2017-04-30
TC-21535,742.5580000000001,217.933,7,28,2017-12-26
TD-20995,1433.468,88.9817,8,65,2017-11-23
TG-21310,3058.372,682.1704,5,30,2017-01-27
TG-21640,2074.661,365.7205,4,50,2017-07-09
TH-21100,1736.924,-220.6767,4,22,2017-01-20
TH-21115,2942.772,-252.5539,4,29,2017-02-11
TH-21235,875.416,121.2701,6,31,2017-08-06
TH-21550,4234.0960000000005,-571.9678,7,44,2017-10-19
TM-21010,968.4659999999999,302.6683,5,37,2017-09-18
TM-21490,1094.6779999999999,292.52099999999996,3,12,2017-08-22
TN-21040,2411.845,-641.5094,5,44,2017-01-10
TP-21130,4430.088,1126.7293,8,53,2017-12-22
TP-21415,4608.6708,-715.6429999999999,3,26,2017-09-17
TP-21565,1936.6399999999999,139.22869999999995,4,48,2017-01-14
TR-21325,675.9419999999999,220.36440000000002,5,22,2017-06-20
TS-21085,2.025,-1.35,1,1,2015-07-19
TS-21160,2163.6240000000003,260.87440000000004,6,60,2016-08-13
TS-21205,5148.95,769.9335,5,52,2017-06-15
TS-21340,974.7819999999999,-184.97889999999998,5,51,2017-05-18
TS-21370,8881.812,1853.6912000000002,4,47,2017-11-24
TS-21430,584.548,-225.89679999999998,3,12,2016-11-13
TS-21505,2243.274,11.377899999999983,6,54,2017-12-19
TS-21610,2811.568,-287.8347,6,41,2017-10-13
TS-21655,2675.88,347.2697,4,44,2017-06-05
TT-21070,4423.714,684.1257,6,59,2017-11-13
TT-21220,1039.184,125.2677,6,47,2017-03-18
TT-21265,439.5,93.9162,3,8,2016-11-19
TT-21460,2280.868,218.8771,6,34,2017-12-18
TW-21025,5234.042,721.1563,6,56,2017-07-21
TZ-21580,1702.126,223.5471,3,28,2016-02-22
VB-21745,2005.596,371.2398,6,37,2017-08-03
VD-21670,6256.374,1567.5998,5,65,2015-06-26
VF-21715,847.944,-96.27799999999999,5,35,2017-12-17
VG-21790,730.05,118.1156,5,30,2017-08-07
VG-21805,362.956,-70.1294,3,7,2017-03-19
VM-21685,2454.866,513.5269,7,37,2017-07-16
VM-21835,252.01999999999998,67.4964,4,18,2017-04-09
VP-21730,19.0,8.93,1,5,2015-05-07
VP-21760,3161.8559999999998,-1050.4226999999998,6,55,2017-10-16
VS-21820,868.7529999999999,-254.9773,3,26,2017-05-23
VT-21700,1736.596,-224.08889999999997,2,42,2015-05-04
VW-21775,4894.462,-814.6179999999999,7,59,2017-11-17
WB-21850,5189.823,801.3999,9,117,2017-11-11
XP-21865,2037.57,604.3756,10,96,2017-11-17
YC-21895,5438.65,1298.564,4,26,2017-12-26
YS-21880,6255.264,1657.3455,7,55,2017-12-21
ZC-21910,6492.767,-1126.7697,9,84,2017-06-19
ZD-21925,1187.7440000000001,206.6645,3,20,2016-08-07
