State,City,Sales,Profit,Orders,Quantity,Profit Margin
New York,New York City,223280.725,55725.438500000004,379,2909,0.24957567877836298
California,Los Angeles,145738.996,25848.293,311,2359,0.17736016927137332
Washington,Seattle,99682.822,25388.5053,164,1228,0.2546928827917813
California,San Francisco,93943.454,14640.1645,221,1611,0.1558401770069046
Michigan,Detroit,34742.644,11246.6034,41,348,0.3237117877384346
Indiana,Lafayette,19022.600000000002,8923.346300000001,5,33,0.469091832872478
Delaware,Newark,19607.02,7845.8142,24,197,0.4001533226364843
Minnesota,Minneapolis,13235.28,5784.4926,10,64,0.43705101818775266
Rhode Island,Providence,15296.19,5500.4311,10,95,0.3595948468213326
Michigan,Jackson,15128.872,5452.076599999999,12,120,0.36037561822190045
California,San Diego,40651.225,5229.1907,75,563,0.12863550114418446
Georgia,Atlanta,12337.98,5177.7121,12,116,0.4196563862155718
Kentucky,Henderson,14370.14,4096.546,13,140,0.28507349267300114
Maryland,Columbia,10962.35,3775.2237,9,90,0.34438087636318854
Virginia,Arlington,12201.45,3753.1973,19,100,0.3076025636297325
Georgia,Columbus,13365.52,3701.9469,33,228,0.27697739407071326
Missouri,Springfield,13642.470000000001,3546.2851,12,120,0.25994450418435955
New Jersey,Lakewood,12397.550000000001,3268.1471,9,71,0.26361233469516154
Virginia,Springfield,10491.01,2998.8665,19,143,0.2858510763024723
New York,Yonkers,7657.666,2767.7557,6,57,0.3614359388356714
Indiana,Indianapolis,9294.03,2735.9544,11,92,0.2943776165990426
Wisconsin,Milwaukee,10401.22,2638.7619,19,171,0.2536973451191303
Vermont,Burlington,8929.369999999999,2244.9782999999998,6,50,0.25141508303497334
Nevada,North Las Vegas,7775.085999999999,2081.6817,5,29,0.2677374501066612
Alabama,Mobile,5164.16,2066.4522,3,37,0.40015262888833814
California,Sacramento,7298.446000000001,2065.3550999999998,7,34,0.2829855972079535
Kentucky,Richmond,5773.91,2013.3388,12,87,0.3486959097041693
New Jersey,Morristown,5033.099999999999,1838.2271,5,31,0.365227613200612
Kentucky,Florence,4559.8,1837.3541,4,38,0.4029462037808676
Virginia,Virginia Beach,4883.179999999999,1768.198,6,36,0.3620996973283803
Mississippi,Jackson,6245.44,1759.5816,14,118,0.2817386124916739
Nebraska,Omaha,5998.93,1758.3225,11,88,0.29310602057366897
Massachusetts,Lawrence,5766.762,1743.9939,12,87,0.3024216882888526
Arkansas,Fayetteville,3720.34,1681.5238,6,44,0.4519812167705102
Indiana,Columbus,5033.1,1595.97,11,75,0.31709483221076473
Kentucky,Louisville,5597.35,1528.4373,13,110,0.27306445014158487
Montana,Great Falls,4195.476,1457.7613000000001,2,15,0.3474602881770746
Virginia,Richmond,5059.740000000001,1383.244,11,105,0.27338242676501157
Massachusetts,Everett,5552.348,1307.7258,6,75,0.23552662765374216
Minnesota,Lakeville,4105.07,1307.6321,4,78,0.31854075569965923
Oklahoma,Oklahoma City,5661.08,1297.1906,10,68,0.22914189518607755
Wisconsin,Franklin,4774.25,1292.7752,5,48,0.2707807927946798
Massachusetts,Lowell,4768.0,1280.4039,6,53,0.268541086409396
South Carolina,Columbia,5625.82,1277.5375,10,100,0.22708467387865236
Washington,Des Moines,3454.438,1250.3434,5,17,0.3619527691624513
New York,Jamestown,4548.81,1228.1787,1,7,0.26999999999999996
California,Brentwood,5090.114,1216.8104,6,66,0.23905366363110928
Oklahoma,Tulsa,4106.72,1189.5321,8,67,0.28965502883079436
New York,Long Beach,6376.906,1184.4034000000001,16,113,0.1857332380311079
Arkansas,Little Rock,3560.35,1154.6691,6,90,0.3243133680677462
Georgia,Roswell,3905.0699999999997,1146.921,8,55,0.29370049704614776
Wisconsin,Madison,5346.79,1123.6552,4,37,0.21015510240723873
Connecticut,Fairfield,4458.057,1095.8922,10,67,0.24582283268248928
Virginia,Chesapeake,4488.59,1076.0496,9,61,0.23972998202108012
Rhode Island,Warwick,2426.84,1063.7956,4,14,0.43834599726393164
Louisiana,Lafayette,5405.75,1042.2903,10,61,0.192811413772372
Maryland,Baltimore,4077.702,1037.5765999999999,16,134,0.25445130615233774
Wisconsin,Kenosha,3906.73,1028.0728,3,37,0.2631543003995669
California,Inglewood,3479.328,1026.6960000000001,4,53,0.29508456805452093
Alabama,Huntsville,2484.3700000000003,1005.2572,7,40,0.40463264328582293
Missouri,Columbia,2454.77,999.9807999999999,2,24,0.4073623190767363
New York,Rochester,4968.484,986.8644,15,96,0.1986248521681865
Missouri,Independence,2417.37,975.663,2,6,0.4036051576713536
Alabama,Decatur,3149.92,935.8497000000001,6,48,0.2971026883222431
New York,Buffalo,8780.856,916.1943000000001,5,37,0.10433997551036028
California,San Jose,3683.853,912.9421,17,123,0.24782261941505265
New Hampshire,Dover,4428.954,905.3631,5,53,0.20441916985364944
Virginia,Harrisonburg,4388.71,889.5239,4,25,0.20268459296695385
California,Huntington Beach,2527.82,880.0391999999999,5,19,0.34814156071239244
New York,Watertown,3817.442,865.3705,5,29,0.226688578372638
Indiana,Richmond,2909.9900000000002,863.506,11,82,0.2967384767645249
California,Anaheim,6516.53,857.9428,7,103,0.1316563876787186
Delaware,Wilmington,3635.4790000000003,855.4604,6,67,0.23530885476164212
California,Oakland,5964.418,834.1029000000001,13,107,0.13984648627913068
Massachusetts,Franklin,3216.559,830.2859000000001,6,45,0.25812860886431743
Maryland,Clinton,4357.311,827.8935,8,74,0.19000101209209075
Virginia,Hampton,2318.18,821.6274999999999,3,44,0.35442782700221726
California,Santa Ana,3202.918,809.4213000000001,7,46,0.2527137129330192
Arkansas,Jonesboro,2915.32,801.1113,5,53,0.27479360756280613
New Hampshire,Concord,2799.7,779.5274000000001,9,61,0.2784324749080259
California,Burbank,3247.1580000000004,764.5337999999999,1,13,0.23544705862788318
California,Westminster,3826.6459999999997,763.6886000000001,4,50,0.19957126946155984
Georgia,Smyrna,2112.08,701.5077,3,49,0.3321406859588652
Minnesota,Roseville,2215.52,667.5272,2,20,0.30129594858092007
California,Fresno,7087.5585,662.4269,8,82,0.09346334143132647
Massachusetts,Beverly,2583.19,654.9194,1,15,0.253531253992157
Michigan,Trenton,1765.1950000000002,652.0998,4,54,0.3694208288602675
New Jersey,Perth Amboy,1717.08,633.644,4,22,0.36902415729028354
New York,Hempstead,2581.6059999999998,625.1543999999999,3,48,0.24215716883211458
Washington,Bellingham,3790.24,610.5908,2,24,0.16109555067752965
Virginia,Waynesboro,3058.77,603.3858,3,32,0.19726419443109486
New Jersey,Plainfield,1893.3400000000001,603.2038,6,40,0.3185924345336812
Utah,Pleasant Grove,2138.178,580.6549,2,30,0.2715652766046606
Oklahoma,Broken Arrow,2439.53,575.5226,3,17,0.2359153607457174
Washington,Edmonds,2380.4519999999998,572.2855999999999,4,32,0.24041047666577608
Wisconsin,Appleton,1671.31,554.7663,2,12,0.33193500906474566
California,Torrance,3132.268,545.1510000000001,2,16,0.17404353650453921
Alabama,Montgomery,2705.36,544.9352,4,35,0.2014279800100541
Minnesota,Rochester,1931.25,510.4506,7,47,0.26431099029126215
Virginia,Salem,1990.43,509.93870000000004,5,45,0.25619524424370616
California,Long Beach,3504.83,509.5256,9,86,0.14537812105009373
New Mexico,Albuquerque,1242.912,486.25789999999995,5,54,0.3912247206560078
Georgia,Athens,1720.81,479.3221,5,30,0.27854446452542697
Iowa,Dubuque,1687.3,477.6744,2,18,0.28309986368754814
Mississippi,Hattiesburg,1483.1399999999999,476.6014,2,32,0.32134619793141583
Indiana,Greenwood,1665.0500000000002,471.73220000000003,2,19,0.28331413471066935
Connecticut,Meriden,1550.6799999999998,470.2212,5,32,0.30323548378775766
Minnesota,Saint Cloud,1331.82,469.614,1,13,0.352610713159436
Utah,Lehi,1516.726,451.6626,2,8,0.2977878667603773
Alabama,Auburn,1763.07,451.5167,2,14,0.25609686512730634
Florida,Tallahassee,6270.542,446.6777,5,47,0.0712343047857745
Oklahoma,Muskogee,1721.7,442.5966,2,14,0.2570695243073706
North Carolina,Raleigh,3839.956,442.545,8,50,0.11524741429328877
Virginia,Newport News,1710.94,439.65040000000005,4,34,0.25696424187873335
Wisconsin,Eau Claire,1645.65,427.49780000000004,4,21,0.2597744356333364
Maine,Bangor,1164.45,422.2204,2,29,0.3625921250375714
New Jersey,Paterson,1498.46,422.18059999999997,4,33,0.28174298946918835
Michigan,Lansing,1610.286,412.8734,3,25,0.2563975591913486
Illinois,Evanston,1753.799,411.88379999999995,3,11,0.23485234054757698
Texas,Fort Worth,6124.3048,399.97959999999995,10,87,0.0653102046782518
California,Redlands,2686.7509999999997,394.2459,2,42,0.14673704411015387
Nevada,Henderson,1888.0580000000002,393.044,2,13,0.20817368957945145
Virginia,Suffolk,1597.9,389.8122,4,32,0.24395281306715064
Michigan,Westland,2057.976,389.5995,3,46,0.18931197448366743
Utah,Provo,2761.234,388.5674,4,38,0.14072237267830254
Minnesota,Maple Grove,882.87,385.01009999999997,2,13,0.4360892317102178
Florida,Orlando,1712.702,374.8957,4,26,0.2188913774842325
California,Riverside,1944.2459999999999,374.7296,9,40,0.1927377502641127
Indiana,Lawrence,906.4000000000001,366.6732,5,43,0.4045379523389232
California,Pasadena,3206.5499999999997,360.6192,8,71,0.11246330167937503
Washington,Pasco,2201.112,357.5244,2,27,0.16242899043756065
California,Santa Barbara,3932.444,357.3846,4,23,0.09088103988257684
New Jersey,Passaic,1562.086,356.8186,1,24,0.22842442733626703
Michigan,Midland,1291.81,345.7018,4,35,0.26761040710321177
Kentucky,Georgetown,1576.54,345.2092,2,27,0.21896634401918125
South Dakota,Sioux Falls,1137.42,343.4299,3,35,0.30193763077842833
California,Stockton,1227.6,339.52639999999997,5,34,0.27657738677093513
New York,New Rochelle,1185.238,338.3153,4,26,0.28544081441870744
Louisiana,Bossier City,1417.18,336.9608,2,24,0.2377685262281432
Mississippi,Southaven,839.25,336.78499999999997,1,15,0.40129282097110514
California,Vallejo,1221.41,336.03549999999996,3,22,0.2751209667515412
Utah,Salt Lake City,802.776,329.2601,5,42,0.4101518979142377
California,Oxnard,1430.15,324.7062,3,28,0.22704345698003706
Virginia,Alexandria,5519.57,318.61830000000003,6,84,0.05772520323141115
New York,Mount Vernon,897.042,315.8355,2,14,0.3520855210792806
California,Roseville,726.7959999999999,314.8702,6,52,0.43323050759773035
New York,Oceanside,3107.7000000000003,314.2552,7,63,0.10112147247160279
Connecticut,Manchester,1179.27,311.3476,1,17,0.2640172309988383
California,Concord,2473.36,306.71479999999997,5,24,0.12400734223889767
Utah,Orem,1248.3780000000002,304.99850000000004,4,18,0.24431582421349943
California,Costa Mesa,1497.67,297.20889999999997,5,42,0.19844752181722272
California,San Gabriel,2061.01,290.8953,1,13,0.1411421099363904
New York,Troy,1226.236,288.8951,4,45,0.23559502412259956
California,Apple Valley,1915.0810000000001,283.6184,3,27,0.1480973389637305
California,Danville,1158.882,282.4405,1,31,0.24371808346319984
Indiana,South Bend,1238.33,279.5512,1,25,0.22574854844831346
California,Moreno Valley,1079.746,269.5789,4,34,0.24966881099814212
Oklahoma,Norman,1351.3300000000002,269.5287,2,9,0.19945438937935217
Idaho,Twin Falls,1148.806,266.1649,1,7,0.23168829201797342
Nevada,Las Vegas,1651.348,265.2763,6,50,0.16064227528055866
Louisiana,Monroe,876.6899999999999,262.82219999999995,3,25,0.2997892071313691
Florida,Fort Lauderdale,2940.7,252.1691,8,41,0.08575138572448737
Iowa,Des Moines,818.0,250.8997,4,36,0.3067233496332518
Alabama,Florence,1997.35,248.65890000000002,3,24,0.12449440508673995
California,Chula Vista,1041.62,248.43460000000002,3,13,0.23850790115397175
Wisconsin,La Crosse,773.59,243.6661,1,19,0.31498093305239205
Oklahoma,Edmond,959.55,243.10389999999998,1,9,0.25335198791099994
Indiana,Noblesville,2678.94,241.1046,1,6,0.09
Michigan,Roseville,569.8100000000001,237.39569999999998,3,18,0.41662255839665846
New York,Auburn,1190.898,236.0554,5,50,0.198216303999167
Oklahoma,Lawton,1057.49,235.50850000000003,2,13,0.22270517924519384
Michigan,Grand Rapids,526.13,233.92270000000002,6,31,0.4446100773573072
North Dakota,Fargo,919.91,230.1497,2,30,0.25018719222532637
Michigan,Ann Arbor,889.273,228.9158,2,23,0.2574190377982914
Nevada,Sparks,2561.96,228.536,3,19,0.08920357851020312
Wisconsin,Green Bay,527.3199999999999,228.4764,4,14,0.43327846468937276
Connecticut,Waterbury,939.92,225.4022,4,27,0.23980998382841093
Idaho,Boise,1094.47,221.9373,3,9,0.20278061527497326
Georgia,Sandy Springs,694.2,219.4994,3,37,0.31619043503313166
Illinois,Saint Charles,1388.71,216.63979999999998,3,20,0.15600074889645785
Arizona,Glendale,2594.493,213.0292,10,50,0.08210821921662537
California,Chico,2050.178,205.12539999999998,3,43,0.10005248324779605
Kansas,Overland Park,606.91,203.5218,3,23,0.33534098960307135
South Carolina,Summerville,406.93999999999994,196.91320000000002,1,10,0.4838875509903181
Minnesota,Woodbury,607.65,196.09619999999998,2,11,0.3227124166872377
Connecticut,Bristol,693.34,186.6717,2,9,0.2692354400438457
West Virginia,Wheeling,1209.824,185.9216,2,18,0.15367656783135397
Washington,Renton,1242.6319999999998,185.4324,1,14,0.1492255148748785
New Jersey,Belleville,627.93,185.3628,3,11,0.2951965983469495
Idaho,Pocatello,1344.942,181.35590000000002,3,25,0.13484291515916672
Nebraska,Fremont,1119.0099999999998,179.4696,7,33,0.16038248094297644
New Jersey,East Orange,377.27,174.6191,2,20,0.4628491531264082
New York,Utica,614.56,173.98680000000002,3,31,0.2831079146055715
California,Manteca,452.182,172.2358,2,8,0.38089928391665306
New Mexico,Farmington,718.72,169.4115,3,11,0.23571279496883346
North Carolina,Wilmington,715.0819999999999,167.3646,8,34,0.2340495215933278
Indiana,Bloomington,571.4,167.22129999999999,3,26,0.29265190759537973
Rhode Island,Cranston,1908.4099999999999,165.41330000000002,4,32,0.08667597633632187
Iowa,Marion,358.36,164.2909,3,22,0.4584521151914276
Texas,Lubbock,581.2,164.1847,3,19,0.2824926015141087
Arkansas,Texarkana,654.24,163.3746,2,11,0.2497166177549523
California,Camarillo,1467.5175,158.79559999999998,2,16,0.10820695494261566
New Mexico,Carlsbad,419.34,157.7661,5,35,0.3762247817999714
Connecticut,Middletown,1154.61,157.6159,7,28,0.13651007699569553
California,Lake Forest,1027.676,155.737,1,10,0.15154289873462065
New York,Rome,534.852,154.2138,3,22,0.28832985573579234
Montana,Missoula,487.984,152.495,1,2,0.3125
Michigan,Oak Park,580.8599999999999,151.0236,1,5,0.26
Ohio,Bowling Green,1865.565,149.94490000000002,4,25,0.0803750606384661
Michigan,Canton,818.13,149.2776,2,13,0.18246195592387518
Missouri,Saint Peters,697.16,146.4036,1,4,0.21000000000000002
Georgia,Macon,364.01,144.8535,4,24,0.3979382434548501
New Jersey,Westfield,488.15999999999997,142.761,3,13,0.2924471484759095
Michigan,Dearborn Heights,1051.5700000000002,140.8905,2,19,0.13398109493424115
Colorado,Thornton,765.248,140.8398,3,47,0.18404464957765324
North Carolina,Monroe,1213.0639999999999,140.8264,6,22,0.11609148404371082
Washington,Olympia,1020.448,139.6269,3,15,0.13682902019505158
Massachusetts,Cambridge,411.49,137.05759999999998,2,14,0.3330763809570098
Minnesota,Coon Rapids,503.13,136.4532,1,7,0.2712086339514639
Oregon,Eugene,1465.032,134.03719999999998,1,23,0.09149097084568801
Maryland,Rockville,469.77,133.2147,3,11,0.28357430231815567
Massachusetts,Quincy,396.4,132.112,4,19,0.3332795156407669
Massachusetts,Andover,435.84999999999997,124.1886,1,13,0.2849342663760468
Kansas,Wichita,320.62,123.84559999999999,3,16,0.3862691036117522
Florida,Saint Petersburg,1479.768,123.1731,4,46,0.08323811570462397
Florida,Deltona,893.24,122.1344,4,19,0.136731897362411
Washington,Spokane,1308.6200000000001,121.6848,4,27,0.0929871161987437
New Mexico,Rio Rancho,1114.192,119.5878,1,7,0.10733141146229734
California,Fairfield,1470.584,117.97739999999999,2,30,0.08022486304760557
California,Oceanside,499.61199999999997,117.51299999999999,5,25,0.23520852181292684
Washington,Covington,413.68,115.10940000000001,2,20,0.27825710694256434
Nevada,Reno,644.062,115.0527,3,17,0.17863606298772478
California,La Mesa,367.53000000000003,114.387,1,8,0.3112317361848012
North Carolina,Jacksonville,5501.551,112.46660000000003,21,169,0.020442707883649543
California,Vacaville,423.28,110.0528,1,11,0.26
California,Sunnyvale,636.21,107.5073,2,23,0.16898083965986074
Texas,Port Arthur,737.0528,105.77600000000001,3,12,0.1435121065953484
Maryland,Gaithersburg,405.91999999999996,105.541,1,5,0.2600044343713047
Arizona,Tempe,988.83,102.83319999999999,4,31,0.10399482216356704
Utah,West Jordan,311.85,102.6723,2,16,0.3292361712361712
Georgia,East Point,268.4,102.0138,1,7,0.3800812220566319
California,Temecula,808.6659999999999,101.8869,1,14,0.12599379719191856
Ohio,Lorain,593.447,101.6035,4,27,0.17120905489453986
Minnesota,Moorhead,543.86,101.4106,2,9,0.18646453131320562
Wyoming,Cheyenne,1603.136,100.196,1,4,0.0625
Ohio,Cincinnati,733.3240000000001,99.66,9,47,0.13590172965837746
California,Bakersfield,1037.084,99.48530000000001,6,27,0.09592790940753113
Indiana,Mishawaka,776.24,96.59200000000001,2,11,0.12443574152324025
California,Thousand Oaks,224.104,95.798,3,13,0.4274711740977403
Idaho,Meridian,329.052,95.214,2,11,0.28935852084169067
Illinois,Buffalo Grove,475.944,95.1888,1,7,0.19999999999999998
Missouri,Saint Charles,270.94,94.8436,3,13,0.350053886469329
Kentucky,Murray,264.62,94.4658,2,8,0.35698662232635475
Arizona,Chandler,1026.955,93.28609999999999,5,15,0.09083757321401618
California,Murrieta,484.65,92.0835,1,3,0.19
Wisconsin,Wausau,317.48,90.4306,1,14,0.28483872999874005
Arizona,Gilbert,3544.718,89.6284,4,52,0.02528505793690782
California,Visalia,318.78000000000003,88.0478,2,20,0.2762023966371792
South Carolina,Mount Pleasant,545.94,87.3504,1,6,0.15999999999999998
North Carolina,Durham,439.816,86.08749999999999,4,21,0.19573526201866234
Florida,Pembroke Pines,1254.942,85.6101,3,41,0.06821837184507332
Tennessee,Lebanon,488.896,83.8057,3,14,0.17141825664353974
Missouri,Saint Louis,233.37,82.7771,3,23,0.35470326091614174
Georgia,Marietta,264.93,80.9433,2,15,0.3055271203714188
Iowa,Cedar Rapids,278.4,80.736,1,3,0.29000000000000004
California,Lancaster,477.444,79.43719999999999,4,15,0.16638014091704992
New Jersey,Bayonne,183.4,79.403,1,9,0.4329498364231189
California,Hesperia,788.2139999999999,78.5289,2,13,0.09962890788542197
Mississippi,Gulfport,166.5,77.5761,3,20,0.4659225225225225
Michigan,Saginaw,395.86,77.18010000000001,2,24,0.1949681705653514
Florida,Hollywood,692.106,76.7836,5,30,0.11094196553707092
Montana,Helena,443.84,74.62219999999999,2,17,0.16812860490266762
California,Rancho Cucamonga,231.852,73.7442,4,14,0.31806583510170283
Indiana,New Albany,209.55,73.3529,1,15,0.3500496301598664
Washington,Vancouver,677.196,71.7914,2,13,0.10601273486553375
North Carolina,Asheville,1415.16,71.4969,4,19,0.050522131773085725
California,Santa Clara,211.632,71.2496,2,21,0.3366674226960006
California,Encinitas,591.981,71.0588,2,13,0.12003560925097259
Arkansas,Pine Bluff,212.91,70.2048,1,7,0.3297393264759758
Michigan,Lincoln Park,387.602,68.3691,2,11,0.17638995670816973
Illinois,Orland Park,339.96,67.992,1,5,0.20000000000000004
Massachusetts,Leominster,191.62,67.76559999999999,1,15,0.35364575722784675
Massachusetts,Marlborough,206.64,67.60679999999999,1,6,0.3271718931475029
Kentucky,Bowling Green,211.81,67.1168,2,5,0.31687266890137383
Florida,Lakeland,5044.594,66.951,5,67,0.0132718311919651
Delaware,Dover,207.24,65.4628,3,16,0.3158791739046516
New Jersey,Orange,206.20000000000002,64.1639,4,16,0.3111731328806983
South Carolina,Florence,872.6899999999999,63.765100000000004,3,23,0.07306729766583782
California,Pico Rivera,145.9,62.737,1,5,0.43
Colorado,Broomfield,793.504,62.445,2,23,0.07869525547445255
Massachusetts,Holyoke,301.96,60.392,1,2,0.2
Texas,Beaumont,472.11600000000004,59.11639999999999,3,21,0.12521583678587464
Idaho,Caldwell,455.63199999999995,58.6966,1,11,0.12882457772939565
Utah,Draper,151.72,58.0272,1,6,0.3824624307935671
Iowa,Urbandale,149.12,57.718,2,12,0.3870574034334764
California,San Bernardino,939.38,57.008,3,31,0.06068683599821159
Florida,Plantation,598.352,55.74700000000001,1,16,0.0931675669171324
Minnesota,Cottage Grove,144.35999999999999,54.796800000000005,1,6,0.37958437240232756
Florida,Apopka,904.554,54.3634,3,31,0.06009967343022086
California,Citrus Heights,129.39,54.3438,1,3,0.42000000000000004
California,Salinas,247.193,54.229200000000006,3,13,0.21937999862455654
Georgia,Warner Robins,434.8,53.6884,2,10,0.12347838086476541
California,El Cajon,865.616,52.6872,2,6,0.060866712260401835
Missouri,Gladstone,164.34,52.5888,1,5,0.32
Texas,Haltom City,269.32800000000003,51.955799999999996,2,13,0.1929090180003564
California,Redondo Beach,112.12,51.848,1,6,0.4624331073849447
Massachusetts,New Bedford,235.96999999999997,50.4861,4,22,0.21395134974784932
New Jersey,Linden,115.36,49.6048,1,7,0.43
California,Coachella,163.55,47.1736,1,3,0.28843534087435035
Missouri,Kirkwood,241.34,47.1344,1,7,0.19530289218529875
Utah,Logan,280.276,46.9632,1,21,0.1675605474603605
Arkansas,Conway,301.96,45.294,1,2,0.15
Florida,Boynton Beach,454.033,45.2183,3,25,0.0995925406303066
Michigan,Taylor,353.7,44.8682,3,7,0.1268538309301668
South Dakota,Rapid City,152.64000000000001,44.7684,1,4,0.2932940251572327
California,Whittier,444.768,44.4768,1,4,0.1
Pennsylvania,Chester,1876.753,44.1278,3,47,0.02351284372530642
Texas,Cedar Hill,122.376,42.8316,2,6,0.35
California,San Clemente,90.05799999999999,42.5419,1,10,0.4723833529503209
Texas,Coppell,135.936,41.4892,2,17,0.30521127589453856
New Mexico,Las Cruces,90.49,40.4618,2,7,0.44714112056580835
Texas,Pearland,494.996,39.4131,2,13,0.07962306766115282
Utah,Murray,146.318,37.062799999999996,2,15,0.25330307959376147
New Jersey,Vineland,250.54999999999998,35.861200000000004,2,8,0.1431299141887847
Washington,Bellevue,98.342,35.5236,4,15,0.3612251123629782
Alabama,Tuscaloosa,141.96,35.49,1,2,0.25
California,San Mateo,75.18,35.3346,1,6,0.47
Colorado,Longmont,915.088,34.8252,2,10,0.038056667774028295
Wisconsin,Sheboygan,79.74000000000001,34.3419,1,10,0.430673438675696
Rhode Island,Woonsocket,104.41,34.0163,2,5,0.3257954218944546
Massachusetts,Revere,130.51999999999998,34.007200000000005,2,11,0.26055163959546435
North Carolina,Thomasville,151.292,33.3939,2,12,0.22072482352008038
California,Woodland,264.66200000000003,33.3848,2,7,0.12614126697448064
Florida,Miramar,1531.192,32.28099999999999,3,41,0.021082267932434333
Maine,Lewiston,106.08000000000001,32.2658,1,6,0.3041647812971342
Texas,The Colony,142.16000000000003,31.6586,2,14,0.22269696117051205
Massachusetts,Malden,228.38,31.1692,2,9,0.1364795516244855
California,Santa Maria,115.44,30.0144,1,3,0.26
Indiana,La Porte,111.75,29.754,1,7,0.266255033557047
Michigan,Sterling Heights,98.36,29.5636,2,9,0.30056527043513626
Connecticut,Milford,67.32000000000001,29.3724,1,11,0.4363101604278074
North Carolina,Cary,312.784,29.3579,2,11,0.09385998005013045
Florida,Delray Beach,242.536,29.0542,2,11,0.11979335026552759
Wisconsin,West Allis,250.48000000000002,28.370800000000003,1,5,0.11326572979878634
California,Escondido,94.548,27.753,3,9,0.29353344333037185
Kentucky,Owensboro,71.18,27.642799999999998,2,5,0.3883506602978364
Florida,West Palm Beach,85.34400000000001,27.410400000000003,2,9,0.3211754780652418
Kansas,Olathe,107.94,26.985,1,3,0.25
Texas,Edinburg,85.908,26.9798,1,9,0.31405457000512177
Iowa,Burlington,57.43,26.671400000000002,2,9,0.46441581055197634
California,Pomona,1061.082,26.654400000000003,4,17,0.025120018999474122
New York,Lindenhurst,55.48,26.6304,1,1,0.48000000000000004
Ohio,Parma,291.66,26.496399999999998,3,14,0.09084687650003427
California,Laguna Niguel,87.0,25.1829,2,13,0.28945862068965517
California,Redding,333.576,25.0182,1,3,0.075
Minnesota,Saint Paul,192.82999999999998,24.8842,2,11,0.12904734740444954
Minnesota,Eagan,75.9,24.8724,1,10,0.32769960474308296
Florida,Palm Coast,266.994,23.354599999999998,2,14,0.08747237765642672
Illinois,Palatine,116.312,23.2624,1,7,0.2
Indiana,New Castle,84.61,23.0839,1,9,0.2728270889965725
Virginia,Charlottesville,102.60999999999999,22.6278,2,7,0.22052236624110713
New York,Freeport,139.87,22.494799999999998,2,6,0.1608264817330378
Florida,Coral Gables,64.248,22.357799999999997,1,6,0.34799215539783335
Florida,Homestead,132.552,22.3291,2,5,0.168455398636007
Connecticut,Shelton,73.33,21.4053,1,5,0.2919037228964953
Montana,Bozeman,43.66,20.8106,1,5,0.4766513971598718
Washington,Redmond,55.230000000000004,20.7322,2,10,0.37537932283179426
Tennessee,Murfreesboro,314.784,20.6319,3,22,0.06554303903629156
Maryland,Hagerstown,43.8,20.586,1,6,0.47
Texas,Texas City,790.972,20.221799999999995,2,7,0.025565759597052734
California,Modesto,326.15000000000003,19.943,3,10,0.06114671163575042
Louisiana,Kenner,89.32000000000001,19.7976,1,4,0.22164800716524852
Tennessee,Smyrna,848.579,19.371700000000004,4,26,0.022828399005867462
Oregon,Tigard,65.07000000000001,19.0026,1,10,0.29203319502074687
Alabama,Hoover,525.85,18.7173,2,15,0.035594371018351244
Florida,Coral Springs,824.992,18.556800000000003,4,21,0.022493309026026923
California,La Quinta,46.32,18.0648,1,4,0.39
Arizona,Sierra Vista,76.072,16.8281,2,9,0.22121279840151434
Indiana,Elkhart,171.43,16.6721,1,7,0.0972531062241148
Kansas,Garden City,54.4,15.8117,2,6,0.29065625
California,Davis,32.4,15.552,1,5,0.48
Florida,Pompano Beach,90.44,15.006499999999999,2,12,0.16592768686421935
Wisconsin,Waukesha,54.5,14.17,1,5,0.26
California,Redwood City,41.904,14.1426,1,6,0.33749999999999997
Illinois,Glenview,158.376,13.8579,1,3,0.08750000000000001
New Hampshire,Nashua,35.94,13.512599999999999,2,10,0.3759766277128548
District of Columbia,Washington,33.92,13.2288,1,8,0.38999999999999996
California,Yucaipa,50.8,13.208,1,5,0.26
Ohio,Grove City,123.588,13.1952,1,12,0.10676764734440237
Tennessee,Johnson City,765.848,11.856199999999994,3,43,0.015481139860651192
New Jersey,Atlantic City,23.36,11.68,1,2,0.5
New Mexico,Clovis,111.42,11.635200000000001,1,10,0.1044264943457189
New York,Niagara Falls,34.992000000000004,11.431799999999999,1,9,0.32669753086419745
Kansas,Manhattan,273.96,10.9584,1,2,0.04
Colorado,Greeley,30.351999999999997,10.3614,1,5,0.3413745387453875
North Carolina,Wilson,176.92399999999998,10.0672,2,13,0.056901268341208656
Tennessee,Bartlett,88.96,10.008,1,8,0.1125
Connecticut,Danbury,27.46,9.8856,1,2,0.36
Texas,Brownsville,577.2608,9.679099999999998,3,8,0.016767291317893052
South Carolina,North Charleston,284.25,9.670200000000001,2,5,0.034020052770448554
Florida,Melbourne,95.616,9.5616,1,2,0.1
California,Antioch,19.44,9.3312,1,3,0.48000000000000004
Connecticut,Norwich,22.2,9.102,1,6,0.41000000000000003
Minnesota,Apple Valley,137.94,8.9706,2,5,0.06503262287951282
Texas,Grapevine,41.528,8.7749,1,12,0.21130080909266039
Missouri,Jefferson City,86.62,8.662,1,2,0.1
Nebraska,Norfolk,17.43,8.0178,1,3,0.45999999999999996
Nebraska,Grand Island,15.96,7.98,1,2,0.5
California,Morgan Hill,545.01,7.846,1,16,0.014396066127227023
Texas,Conroe,111.672,6.9795,1,9,0.0625
Arizona,Bullhead City,22.288,6.7232,1,3,0.3016511127063891
South Dakota,Aberdeen,25.5,6.63,1,3,0.26
Indiana,Portage,16.28,6.512,1,2,0.39999999999999997
Illinois,Quincy,151.144,6.3854999999999995,3,19,0.04224779018684168
Michigan,Mount Pleasant,17.14,6.1704,1,2,0.36
Arizona,Avondale,54.239999999999995,5.6708,1,11,0.10455014749262538
Wisconsin,Superior,17.12,4.9648,1,4,0.29
North Carolina,Chapel Hill,14.016,4.7304,1,3,0.3375
Colorado,Loveland,20.964000000000002,4.4778,3,8,0.21359473382942185
Florida,Port Saint Lucie,248.95,4.449,3,11,0.017871058445470978
California,Lakewood,1489.4830000000002,4.398399999999995,4,30,0.002952970930181811
Texas,Harlingen,392.06,4.056899999999999,1,13,0.01034765086976483
California,Montebello,27.88,3.9032,1,2,0.14
South Carolina,Rock Hill,11.85,3.792,1,3,0.32
Texas,Baytown,10.368,3.6288,1,2,0.35
Michigan,Holland,7.5,3.6,1,2,0.48000000000000004
California,Mission Viejo,290.666,3.4196,1,2,0.011764705882352941
Washington,Marysville,102.18,3.3150000000000004,2,15,0.03244274809160305
Florida,North Miami,22.128,3.0798000000000005,2,6,0.13918112798264645
North Carolina,Goldsboro,34.944,3.0576,1,3,0.0875
Arkansas,Hot Springs,29.99,2.999,1,1,0.1
Florida,Port Orange,7.824,2.934,1,1,0.37500000000000006
North Carolina,Hickory,36.192,2.7144,1,1,0.075
Montana,Billings,8.288,2.6936,1,2,0.325
Florida,Margate,15.552,2.3328,1,3,0.15000000000000002
Utah,Layton,4.96,2.3312,1,4,0.47
New Mexico,Santa Fe,8.4,2.184,1,5,0.26
Texas,Keller,6.0,2.1,1,2,0.35000000000000003
Oregon,Hillsboro,87.838,1.5455000000000005,2,14,0.017594890594048142
Washington,Auburn,4.18,1.5048,1,1,0.36
Arkansas,Springdale,4.3,1.419,1,2,0.33
Washington,Everett,3.856,1.3978,1,1,0.3625
California,Dublin,22.0,1.375,1,5,0.0625
Illinois,Arlington Heights,14.112,1.2348,1,6,0.0875
Illinois,Oak Park,10.192,1.0192,1,7,0.1
Oregon,Medford,34.546,0.9116,2,3,0.026388004399930526
North Carolina,Fayetteville,2824.308,0.8310000000000013,9,95,0.0002942313657009084
Florida,Jupiter,2.064,0.1548,1,1,0.075
Pennsylvania,Altoona,20.451,-1.1835,1,9,-0.05787003080533959
Ohio,Elyria,1.824,-1.3984,1,1,-0.7666666666666667
Florida,Pensacola,2.214,-1.476,1,3,-0.6666666666666666
Texas,Abilene,1.392,-3.7584,1,2,-2.7
Ohio,Mason,94.264,-4.235199999999999,1,7,-0.04492913519477212
Oregon,Gresham,624.656,-5.4444,3,16,-0.008715837196793115
Texas,Pasadena,1777.5919999999999,-8.721800000000002,7,40,-0.004906525231886734
Illinois,Tinley Park,22.288,-8.9152,1,7,-0.4
Texas,Missouri City,6.37,-9.555,1,7,-1.5
Texas,Deer Park,6.924,-10.386,1,6,-1.4999999999999998
Ohio,Kent,346.302,-11.3007,3,20,-0.032632499956685206
Ohio,Cuyahoga Falls,20.741999999999997,-13.828,2,7,-0.6666666666666667
North Carolina,Gastonia,895.06,-14.743599999999995,1,16,-0.016472191808370385
Illinois,Romeoville,8.952,-14.7708,1,2,-1.65
Ohio,Hamilton,204.304,-18.679000000000002,2,8,-0.0914274806171196
Texas,Frisco,57.504,-18.8016,2,10,-0.32696160267111857
Texas,San Marcos,108.44399999999999,-19.3413,1,12,-0.17835288259378115
Illinois,Bolingbrook,69.828,-21.365,2,21,-0.30596608810219394
Florida,Boca Raton,63.007999999999996,-22.645599999999998,2,8,-0.3594083291010665
Texas,Richardson,1288.4640000000002,-24.4893,1,12,-0.019006584584435417
Illinois,Woodstock,857.2500000000001,-24.8859,3,15,-0.029029921259842516
Illinois,Frankfort,97.632,-26.055999999999997,2,10,-0.26687971156997703
Texas,League City,321.202,-26.7895,1,10,-0.08340390159463515
Texas,Garland,67.704,-32.373,3,12,-0.4781549096065225
Texas,La Porte,30.392,-32.5272,1,6,-1.0702553303500921
Colorado,Commerce City,146.352,-32.9292,1,3,-0.225
Tennessee,Hendersonville,303.32,-34.430099999999996,1,14,-0.11351081366213898
Illinois,Carol Stream,1305.81,-39.8683,1,18,-0.03053147088780144
Texas,Allen,290.206,-39.8775,2,13,-0.137411011488391
Tennessee,Chattanooga,496.91499999999996,-40.6392,5,31,-0.08178300111689123
Texas,Corpus Christi,220.54399999999998,-43.7304,3,33,-0.1982842426001161
Tennessee,Jackson,2117.212,-43.95689999999999,5,48,-0.020761690373944597
California,Ontario,283.92,-46.137,1,5,-0.1625
Florida,Daytona Beach,272.3315,-52.334,2,10,-0.1921702043281809
Arizona,Peoria,1341.352,-55.10760000000002,5,57,-0.041083623090732345
Texas,San Angelo,650.636,-58.5532,2,13,-0.0899937906909547
Arizona,Tucson,6313.016,-64.96680000000002,13,145,-0.01029092908999439
Texas,Laredo,983.796,-65.53189999999998,3,32,-0.06661126900292334
Texas,Mansfield,558.877,-66.7913,2,13,-0.1195098384796655
Illinois,Danville,43.372,-69.3952,1,7,-1.6
Texas,Odessa,976.1239999999999,-69.71180000000001,4,22,-0.071416951125062
Illinois,Peoria,501.47999999999996,-72.7587,4,23,-0.14508793969849249
Ohio,Fairfield,3009.957,-83.60300000000001,8,67,-0.02777547984904768
Texas,Grand Prairie,1012.486,-85.2311,7,45,-0.08418002816829072
Texas,Mesquite,46.964,-89.4344,2,13,-1.9043182011753683
Tennessee,Franklin,943.044,-94.35040000000001,5,30,-0.10004877821183318
Oregon,Portland,3638.125,-96.14110000000001,13,74,-0.02642600240508504
Pennsylvania,York,714.498,-96.8898,1,13,-0.13560541806974966
Colorado,Littleton,72.294,-98.8018,1,1,-1.3666666666666667
Texas,Irving,589.564,-105.69170000000003,4,19,-0.17927095277187893
Pennsylvania,Lancaster,964.5519999999999,-110.6282,5,27,-0.11469386824142194
Arizona,Scottsdale,1354.419,-111.8655,6,48,-0.08259297898213182
North Carolina,Greensboro,2367.5280000000002,-113.24329999999999,7,42,-0.0478318735829101
Texas,College Station,291.042,-117.6224,2,19,-0.4041423574604353
Texas,Arlington,5780.346,-121.25199999999998,7,102,-0.02097659897867705
Ohio,Mentor,693.13,-123.27420000000002,1,15,-0.17785148529135952
Tennessee,Bristol,436.60200000000003,-126.5204,4,14,-0.2897842886656497
Illinois,Freeport,215.82,-127.44979999999998,2,12,-0.5905374849411547
Ohio,Troy,1529.097,-149.89090000000002,5,34,-0.09802576291759124
Illinois,Naperville,1141.135,-163.0888,4,29,-0.1429180596511368
Texas,Mcallen,866.716,-163.87169999999998,4,54,-0.18907196821104028
Illinois,Highland Park,1457.974,-174.407,2,18,-0.11962284649794853
Florida,Hialeah,2338.949,-179.22749999999996,10,76,-0.07662736553896642
Oregon,Redmond,331.243,-196.33540000000002,3,27,-0.5927231669801325
Colorado,Parker,193.63400000000001,-197.232,1,14,-1.0185814474730677
Illinois,Elmhurst,891.6279999999999,-212.13209999999998,2,14,-0.2379154759608267
Texas,Bryan,616.656,-213.7116,2,27,-0.346565345995174
Ohio,Akron,2644.9300000000003,-215.342,9,62,-0.08141689950206621
Texas,El Paso,2845.8959999999997,-220.1706,7,52,-0.07736424662039654
Pennsylvania,Allentown,853.252,-226.4504,2,20,-0.2653968581380413
Texas,Plano,2639.5336,-230.3398,7,45,-0.08726534111935531
Illinois,Des Plaines,1493.212,-236.7674,2,24,-0.15856248141590076
Texas,Pharr,1540.708,-237.5528,2,22,-0.15418418025998434
Ohio,Lancaster,3139.2810000000004,-251.9295,12,104,-0.0802507007177758
Colorado,Fort Collins,935.252,-252.6926,5,20,-0.2701866448828765
Oregon,Salem,1398.487,-263.0295,8,99,-0.18808147662438046
Illinois,Park Ridge,398.6,-263.51,2,16,-0.6610888108379327
Illinois,Decatur,1681.028,-267.54910000000007,6,54,-0.15915802711198151
Pennsylvania,Reading,873.7120000000001,-268.76419999999996,4,16,-0.30761189041697945
Ohio,Toledo,4001.503,-271.4564,12,99,-0.06783860964242684
Ohio,Dublin,1330.81,-281.4145,4,46,-0.2114610650656367
Ohio,Lakewood,1679.548,-282.86490000000003,12,72,-0.16841727655297736
Illinois,Wheeling,737.142,-293.31780000000003,2,9,-0.39791220687465917
Florida,Tampa,5036.0025000000005,-322.9212,12,95,-0.06412252575331326
Illinois,Skokie,544.0319999999999,-331.94219999999996,3,38,-0.610151976354332
Florida,Tamarac,1413.51,-351.89610000000005,2,15,-0.24895197062631325
Texas,Austin,2765.194,-374.0096,10,70,-0.13525618817341567
Texas,Amarillo,3465.8948,-418.6851,6,28,-0.12080144498326954
Illinois,Bloomington,963.94,-432.1283,6,27,-0.4482937734713779
Colorado,Denver,10757.543,-432.8478,13,140,-0.040236678579857875
North Carolina,Charlotte,12956.143,-437.8845,22,233,-0.03379744264940577
Texas,Tyler,347.206,-443.7086,2,16,-1.2779404733789161
Arizona,Yuma,830.369,-467.1717,3,18,-0.5626073468542299
North Carolina,Greenville,1671.51,-518.5554,3,16,-0.31023170666044475
Texas,Waco,582.1392,-522.5002,3,15,-0.8975519944370693
Illinois,Oswego,321.978,-536.1275999999999,1,13,-1.665106311611352
Texas,Carrollton,647.59,-541.3984,6,38,-0.8360203214997144
Ohio,Marion,2895.898,-557.4331999999999,6,37,-0.19249061949005106
Texas,Huntsville,4398.648,-566.1708,7,101,-0.12871473234502964
Arizona,Mesa,3933.5660000000003,-570.985,11,111,-0.14515709155509277
Tennessee,Columbia,5162.774,-664.2565999999999,10,69,-0.12866273053982216
Colorado,Aurora,2948.2219999999998,-664.7473,11,92,-0.22547396362960456
Ohio,Columbus,15312.575,-715.3095,48,421,-0.046713860993333904
Ohio,Cleveland,6216.353,-788.0989,20,131,-0.1267783377166644
Tennessee,Nashville,6005.218,-844.5642,14,103,-0.14063839147887722
Oregon,Springfield,3599.108,-897.3925,12,118,-0.24933747472984974
Colorado,Pueblo,1686.9379999999999,-900.9719,4,42,-0.5340871448743226
Florida,Miami,4768.048,-919.2559000000001,27,131,-0.1927950180031745
Colorado,Colorado Springs,3694.009,-956.6841000000001,9,110,-0.2589826121159965
Pennsylvania,Bethlehem,1689.6339999999998,-1003.0958,2,18,-0.5936763819856846
Ohio,Springfield,4422.552,-1041.7596,14,110,-0.23555621279297567
Tennessee,Clarksville,2148.514,-1066.6008000000002,2,21,-0.4964365137951161
Illinois,Rockford,2911.624,-1131.3218000000002,7,50,-0.3885535357587382
Tennessee,Knoxville,3928.166,-1165.0755000000001,10,81,-0.29659528136030916
Texas,Round Rock,4854.0527999999995,-1183.4313,3,23,-0.24380272501362163
Ohio,Medina,2477.722,-1343.0446,3,38,-0.5420481393796398
Tennessee,Memphis,3939.116,-1383.6368,9,81,-0.3512556624379683
Illinois,Aurora,6982.208,-1617.4886999999999,17,111,-0.23165862432055875
Texas,Dallas,14386.7888,-1631.3175999999999,64,467,-0.11338997344563784
North Carolina,Concord,5111.844,-1788.6868,5,44,-0.34991028677713953
Ohio,Newark,7916.4929999999995,-2259.2173,15,129,-0.28538107720173567
Florida,Jacksonville,37685.351,-2485.8153,33,219,-0.06596237620289115
Arizona,Phoenix,10027.997,-2537.7972,23,178,-0.2530711965709603
Colorado,Louisville,4592.0560000000005,-3437.8304000000003,9,77,-0.7486473161477125
North Carolina,Burlington,10492.88,-5325.353300000001,5,27,-0.5075206520993284
Illinois,Chicago,33647.253,-6703.9472,139,870,-0.19924203619237504
Texas,San Antonio,21843.528,-7299.050200000001,27,247,-0.3341516168999807
Texas,Houston,56193.4632,-9017.058500000001,162,1267,-0.160464544922371
Pennsylvania,Philadelphia,88150.16100000001,-11174.7902,218,1584,-0.12676993522450852
