Customer ID,Customer Name,Sales,Profit,Orders,Quantity,Last_Order_Date,Profit Margin
SM-20320,Sean Miller,24516.6,-2012.3263,4,45,2017-12-10,-0.08208015385493911
TC-20980,Tamara Chand,19044.906000000003,8978.7647,4,40,2016-02-10,0.4714522980580738
RB-19360,Raymond Buch,15056.854,6969.861,5,63,2017-09-25,0.4629028746642559
AB-10105,Adrian Barton,14473.570999999998,5444.8055,10,73,2017-11-19,0.3761895043040865
SC-20095,Sanjit Chand,14012.766,5781.7059,8,85,2017-01-15,0.4126027580850205
TA-21385,Tom Ashbrook,13807.77,4523.3625,3,24,2017-10-22,0.3275954408278817
HL-15040,Hunter Lopez,12838.508,5611.644300000001,5,43,2017-11-17,0.43709473873443866
KL-16645,Ken Lonsdale,12488.859,487.03979999999996,10,100,2017-11-13,0.038997942085822246
CC-12370,Christopher Conant,12129.072000000002,2177.0493,5,34,2017-11-17,0.1794901786385636
BM-11140,Becky Martin,11432.84,-1759.8592999999998,3,57,2016-04-12,-0.15393019582186052
SE-20110,Sanjit Engle,11227.550000000003,2331.0058999999997,8,49,2017-12-21,0.2076148313746097
SV-20365,Seth Vernon,10558.298,1162.4911,8,104,2017-09-20,0.11010213009710465
BS-11365,Bill Shonely,10501.653,2616.0643999999998,5,39,2016-06-20,0.24910977348042254
JL-15835,John Lee,9435.561,127.60740000000001,9,132,2017-11-24,0.013524092526135968
EH-13765,Edward Hooks,9424.758,1110.1680000000001,9,97,2017-08-17,0.11779273271525913
GT-14635,Grant Thornton,9351.212,-4108.6589,3,26,2017-04-11,-0.4393718054943039
GT-14710,Greg Tran,9129.86,1179.8812,9,89,2017-11-24,0.12923321934837992
CJ-12010,Caroline Jumper,9113.062,978.9097999999999,6,71,2017-06-24,0.10741831889215721
PF-19120,Peter Fuller,9062.864,-614.2943000000001,4,75,2015-09-17,-0.06778147614264102
CM-12385,Christopher Martinez,8954.019999999999,3899.8903999999998,4,34,2017-11-23,0.4355463132760481
TS-21370,Todd Sumrall,8881.812,1853.6912000000002,4,47,2017-11-24,0.20870642161757086
JD-16150,Justin Deggeller,8828.0305,1619.5199,8,60,2017-11-19,0.18345200551810506
JE-15715,Joe Elijah,8697.842999999999,1262.2926,10,97,2017-11-14,0.14512708495658064
HW-14935,Helen Wasserman,8563.994,2063.3815,7,74,2017-08-18,0.24093682223504592
PK-19075,Pete Kriz,8491.562,2051.5852,11,105,2017-12-21,0.24160280523182898
TB-21400,Tom Boeckenhauer,8414.582,2600.4304,6,37,2017-03-30,0.30903857137526264
ME-17320,Maria Etezadi,8357.448,1692.1300999999999,7,58,2017-11-18,0.20246971324260704
KD-16270,Karen Daniels,8282.358,1107.6952000000003,5,64,2016-04-06,0.13374152626582916
NC-18535,Nick Crebassa,8183.323,1297.9634,6,62,2017-12-24,0.15861079906047948
CL-12565,Clay Ludtke,8079.698,1539.9367,9,63,2017-03-21,0.1905933489098231
KD-16495,Keith Dawkins,8074.312000000001,3003.6014,11,74,2017-09-09,0.3719947160823114
KF-16285,Karen Ferguson,7970.756,1027.6767,6,58,2017-11-09,0.12893089438442226
SB-20290,Sean Braxton,7792.031,-2162.5031,6,77,2017-11-13,-0.27752752780372664
AB-10060,Adam Bellavance,7727.69,2046.4888,7,53,2017-09-16,0.2648254264857933
MS-17365,Maribeth Schnelling,7443.6900000000005,844.9354999999998,10,105,2017-01-04,0.11351030201418917
JW-15220,Jane Waco,7430.914000000001,2080.8468,4,42,2017-11-18,0.28002568728422905
JM-15865,John Murray,7351.756,1453.138,5,39,2017-05-16,0.19765862740820014
BM-11650,Brian Moss,7266.558,2193.1992,9,87,2017-11-27,0.30182091713848563
RW-19540,Rick Wilson,7249.381,1545.1817,6,86,2017-08-17,0.21314670866381558
FH-14365,Fred Hopkins,6979.215999999999,2046.3724000000002,7,49,2017-12-25,0.29320949516392675
DR-12940,Daniel Raglin,6962.062,3039.4864000000002,4,35,2017-10-11,0.4365784734465163
PS-19045,Penelope Sewall,6843.634,1742.7296999999999,7,47,2017-08-05,0.25464975187159333
Dp-13240,Dean percer,6790.291,255.67379999999994,10,83,2017-09-15,0.037652848751253805
BB-11545,Brenda Bowman,6765.728,1015.0749999999999,9,83,2017-12-08,0.1500318960502107
HM-14860,Harry Marie,6638.120000000001,2355.3316,8,62,2017-12-28,0.3548190752803504
GK-14620,Grace Kelly,6497.27,1448.5525,9,66,2017-09-09,0.2229478688741579
ZC-21910,Zuschuss Carroll,6492.767,-1126.7697,9,84,2017-06-19,-0.17354229714388336
NM-18445,Nathan Mautz,6459.344,2751.6848999999997,7,44,2017-07-23,0.42600067437188666
DM-13015,Darrin Martin,6345.103,1677.3931,7,87,2017-10-23,0.2643602633400908
CM-12655,Corinna Mitchell,6339.5576,1572.4585,6,42,2017-03-12,0.24803915339455232
SB-20185,Sarah Brown,6319.58,867.1342,5,39,2017-06-25,0.13721389712607482
LC-16885,Lena Creighton,6280.584,1306.3654999999999,9,73,2017-12-14,0.20800064134163318
VD-21670,Valerie Dominguez,6256.374,1567.5998,5,65,2015-06-26,0.25056043644449644
YS-21880,Yana Sorensen,6255.264,1657.3455,7,55,2017-12-21,0.26495212672079066
PO-18850,Patrick O'Brill,6203.9582,355.3271,10,66,2017-12-26,0.057274257586068196
AD-10180,Alan Dominguez,6106.88,1869.9294,8,40,2017-11-13,0.3062004493292811
NP-18700,Nora Preis,6103.0145,411.0748,6,55,2017-08-14,0.0673560254526677
QJ-19255,Quincy Jones,6094.7699999999995,1200.4543999999999,8,57,2017-05-12,0.19696467627162303
NF-18385,Natalie Fritzler,6058.21,-1789.9422000000002,5,36,2017-12-10,-0.29545727203249805
GM-14695,Greg Maxwell,6049.966,188.7235,3,44,2017-04-09,0.031194142248072137
RM-19675,Robert Marley,5979.0960000000005,1902.5438000000001,5,39,2017-12-24,0.31819923948369455
JH-15985,Joseph Holt,5894.254,-1288.6807,5,57,2017-01-12,-0.21863338430953264
AR-10540,Andy Reiter,5888.48,2634.828,4,22,2017-12-24,0.4474546911936527
CP-12340,Christine Phan,5888.275,-1850.3029000000001,8,59,2017-07-23,-0.31423513677605075
KH-16510,Keith Herrera,5887.131,656.645,6,84,2017-08-12,0.11153905017571376
LA-16780,Laura Armstrong,5787.532,1299.7828,7,56,2016-12-23,0.22458325932366333
JA-15970,Joseph Airdo,5775.111999999999,-891.9336000000001,6,74,2017-09-22,-0.15444438133840524
JE-15745,Joel Eaton,5739.754999999999,367.6459,11,74,2017-09-22,0.0640525423123461
KM-16375,Katherine Murray,5620.186,973.7901999999999,8,69,2017-04-11,0.17326654313576098
JG-15160,James Galang,5597.3679999999995,1320.3698,10,53,2017-12-29,0.2358911902880068
NP-18325,Naresj Patel,5529.62,1208.8890000000001,6,77,2017-05-12,0.21862062854228684
DP-13390,Dennis Pardue,5446.9839999999995,1556.3114,8,43,2017-01-01,0.28571984055763705
SP-20620,Stefania Perrino,5440.319,-270.42819999999995,9,77,2017-11-13,-0.04970815130509809
YC-21895,Yoseph Carroll,5438.65,1298.564,4,26,2017-12-26,0.2387658702067609
BF-11170,Ben Ferrer,5402.286,1464.4649,10,85,2017-12-14,0.2710824454684554
MW-18220,Mitch Webber,5341.900000000001,1238.422,7,51,2017-12-13,0.23183174525917744
EP-13915,Emily Phan,5332.5968,132.44790000000003,13,107,2017-12-18,0.02483741129650005
CP-12085,Cathy Prescott,5312.874,406.4922,6,41,2017-09-10,0.07651079246373997
MW-18235,Mitch Willingham,5253.876,1665.516,2,13,2017-11-16,0.3170071010431156
MJ-17740,Max Jones,5249.506,711.402,5,33,2017-08-12,0.13551789444568688
HR-14830,Harold Ryan,5248.787,1196.9504,7,51,2017-07-24,0.2280432412288782
TW-21025,Tamara Willingham,5234.042,721.1563,6,56,2017-07-21,0.13778190927776277
WB-21850,William Brown,5189.823,801.3999,9,117,2017-11-11,0.15441757840296286
AA-10315,Alex Avila,5189.08,-459.3875,4,25,2016-03-03,-0.0885296622908107
MH-18115,Mick Hernandez,5185.821,178.5718,7,62,2017-12-25,0.034434624719981655
RP-19390,Resi Pölking,5153.084,465.25030000000015,12,88,2017-11-27,0.09028579778633536
TS-21205,Thomas Seio,5148.95,769.9335,5,52,2017-06-15,0.14953213762029152
AA-10645,Anna Andreadi,5086.9349999999995,857.8033,6,64,2017-05-11,0.16862871257446777
KL-16555,Kelly Lampkin,5016.488,-182.78130000000002,8,84,2017-12-14,-0.036436108289305186
DH-13075,Dave Hallsten,4932.872,1193.7404,6,81,2017-03-28,0.24199703539844533
IM-15070,Irene Maddox,4930.474,514.6527,7,93,2016-06-23,0.10438199248185874
VW-21775,Victoria Wilson,4894.462,-814.6179999999999,7,59,2017-11-17,-0.16643667884233238
AC-10450,Amy Cox,4785.51,1282.497,6,35,2017-12-19,0.2679958875856492
JK-15640,Jim Kriz,4752.466,1169.6419,8,39,2017-03-07,0.24611262868582331
DR-12880,Dan Reichenbach,4749.616,1416.3847,6,58,2017-12-27,0.29821036058493994
SA-20830,Sue Ann Reed,4745.4115,599.8425000000001,9,72,2017-09-04,0.12640473855639286
RA-19915,Russell Applegate,4739.3550000000005,278.7573,7,70,2017-12-18,0.05881756061742578
PP-18955,Paul Prost,4739.018,1037.8341,8,121,2017-09-24,0.2189977121842542
LR-16915,Lena Radford,4702.748,504.694,5,52,2017-04-12,0.10731895478983779
JD-15895,Jonathan Doherty,4688.488,582.3616,8,116,2016-07-16,0.12421096097505206
KH-16690,Kristen Hastings,4679.7699999999995,1276.6785,5,32,2017-12-28,0.27280795851078155
JE-15610,Jim Epp,4642.35,130.4727,5,60,2017-09-22,0.02810488222559695
DB-13270,Deborah Brumfield,4614.703,844.8509999999999,6,45,2017-07-11,0.1830780875822344
TP-21415,Tom Prescott,4608.6708,-715.6429999999999,3,26,2017-09-17,-0.15528186565202268
SC-20050,Sample Company A,4601.562,1046.2593,7,49,2017-11-20,0.2273704668110524
MP-18175,Mike Pelletier,4553.349,352.9091,7,75,2017-12-14,0.07750539218496101
DB-13060,Dave Brooks,4531.646,473.0272,7,48,2017-12-14,0.10438308729322635
SC-20725,Steven Cartwright,4528.616,1054.5431,8,91,2017-06-26,0.23286211504795287
AG-10900,Arthur Gainer,4510.797,343.6824,10,92,2017-09-25,0.07619105891929963
AR-10825,Anthony Rawles,4471.496,475.13599999999997,6,46,2017-07-21,0.10625884491454313
JK-15730,Joe Kamberova,4471.07,-82.54569999999998,8,66,2017-07-10,-0.018462180194002774
TP-21130,Theone Pippenger,4430.088,1126.7293,8,53,2017-12-22,0.25433564750858223
TT-21070,Ted Trevino,4423.714,684.1257,6,59,2017-11-13,0.15464962246655187
BD-11500,Bradley Drucker,4411.2429999999995,1142.1225,6,49,2017-11-25,0.25891171717359485
HK-14890,Heather Kirkland,4386.234,716.0856000000001,7,59,2017-03-26,0.16325750062582162
GB-14575,Giulietta Baptist,4372.356,987.1011,3,52,2017-12-17,0.22575954473972384
SC-20230,Scot Coram,4371.9580000000005,440.14099999999996,4,49,2017-03-08,0.10067365697474677
GZ-14470,Gary Zandusky,4355.150000000001,1087.7539,9,48,2017-12-23,0.24976267177938757
RB-19465,Rick Bensley,4353.328,543.8751,10,67,2017-12-21,0.12493317755978872
SR-20740,Steven Roelle,4345.8859999999995,1990.4243999999999,8,50,2017-06-17,0.4580019816442493
EB-13840,Ellis Ballard,4344.508,650.0698,4,38,2017-01-10,0.14963024581839876
ND-18370,Natalie DeCherney,4326.139,353.64549999999997,9,63,2017-10-21,0.08174621758570401
TB-21520,Tracy Blumstein,4324.822,-1709.7355,8,69,2017-09-14,-0.395330836737327
LC-16930,Linda Cazamias,4304.162,256.352,5,35,2017-11-19,0.05955909652099525
MA-17560,Matt Abelman,4299.161,1240.2266,11,117,2017-10-27,0.28848107805220596
SC-20770,Stewart Carmichael,4267.757,-735.4258,6,71,2017-11-19,-0.17232138568339295
TC-21295,Toby Carlisle,4266.812,606.3727,8,63,2017-11-14,0.14211376081252233
AS-10225,Alan Schoenberger,4260.784,719.7751000000001,5,41,2017-09-17,0.1689302015779256
TH-21550,Tracy Hopkins,4234.0960000000005,-571.9678,7,44,2017-10-19,-0.13508616715350807
SP-20860,Sung Pak,4232.588,564.5932,8,76,2017-04-03,0.13339195782816565
BE-11335,Bill Eplett,4204.676,1487.7739000000001,5,35,2017-07-17,0.3538379413776472
AI-10855,Arianne Irving,4174.0560000000005,785.8834,9,64,2017-12-17,0.18827811605785835
GH-14425,Gary Hwang,4172.8460000000005,1176.4181,4,51,2017-10-11,0.2819222420381677
RS-19765,Roland Schwarz,4159.7699999999995,1206.3851,8,54,2017-11-24,0.29001245261156267
PM-19135,Peter McVee,4115.662,526.7537,4,36,2017-09-11,0.12798759956478445
LB-16795,Laurel Beltran,4113.176,-454.10209999999995,7,67,2017-09-05,-0.11040181601759806
CB-12535,Claudia Bergmann,4108.5835,986.2692999999999,6,63,2017-06-16,0.24005093239555678
SV-20785,Stewart Visinsky,4072.905,469.4752,8,86,2017-02-13,0.1152678984655915
FP-14320,Frank Preis,4046.746,406.44730000000004,8,54,2017-07-12,0.1004380556625002
AH-10210,Alan Hwang,4024.464,1156.291,7,39,2017-12-24,0.2873155282293493
CB-12025,Cassandra Brandow,3990.707,-226.79349999999997,8,91,2017-11-13,-0.05683040624130009
CM-12715,Craig Molinari,3984.4524,176.3108,4,57,2015-01-03,0.04424969413613775
MP-17965,Michael Paige,3983.6420000000003,638.1563,9,62,2017-10-19,0.1601941891364736
LF-17185,Luke Foster,3930.5089999999996,-3583.977,7,69,2017-08-12,-0.9118353373570701
PW-19240,Pierre Wener,3922.4150000000004,1290.354,7,39,2016-09-22,0.32896927020725747
SJ-20125,Sanjit Jacobs,3908.966,124.52059999999999,10,97,2017-09-26,0.03185512485910596
GA-14515,George Ashbrook,3901.92,836.6582,7,44,2017-06-24,0.21442218190019272
DB-13555,Dorothy Badders,3892.5728,101.96650000000001,6,56,2017-09-14,0.02619514270869899
FC-14335,Fred Chung,3884.182,712.4782,6,36,2017-05-02,0.18343069403030035
FH-14275,Frank Hawley,3873.132,910.0956,9,44,2017-11-23,0.2349766545524397
KW-16435,Katrina Willman,3854.494,1637.1502,4,27,2017-07-31,0.42473803305959223
RA-19885,Ruben Ausman,3827.706,1291.1952,6,51,2017-11-17,0.33732872900896776
MC-17845,Michael Chen,3805.714,698.4174,7,45,2017-12-29,0.1835180993632207
RO-19780,Rose O'Brian,3800.886,-1267.4964000000002,6,45,2017-11-25,-0.3334739321305612
DW-13480,Dianna Wilson,3794.99,1168.6923,3,27,2016-08-20,0.30795662175657906
SC-20305,Sean Christensen,3794.481,157.5565,5,49,2017-04-23,0.041522542872134555
CA-11965,Carol Adams,3789.7228,1143.3817,6,29,2017-09-25,0.30170589257873953
JK-16090,Juliana Krohn,3747.668,586.6625,3,43,2017-02-12,0.1565406807646782
FM-14290,Frank Merwin,3736.198,198.10949999999997,9,79,2017-11-24,0.05302435791679134
AT-10735,Annie Thurman,3710.624,952.622,9,52,2017-12-17,0.25672824840242503
SC-20380,Shahid Collister,3682.932,785.4386999999999,6,62,2017-09-17,0.21326451316505435
KH-16630,Ken Heidel,3670.518,671.347,7,72,2017-02-11,0.1829025222053127
LP-17095,Liz Preis,3653.399,338.44539999999995,7,52,2017-12-21,0.09263849910726968
JP-15520,Jeremy Pistek,3635.594,757.1802,7,63,2017-12-22,0.20826863505660972
BS-11380,Bill Stewart,3632.27,-31.194800000000022,3,53,2017-11-16,-0.008588238209163972
EB-13705,Ed Braxton,3629.058,8.248500000000014,8,50,2017-10-20,0.002272903877535166
HG-15025,Hunter Glantz,3626.364,785.4352999999999,6,36,2017-12-24,0.21659030919124497
MY-18295,Muhammed Yedwab,3625.7360000000003,-513.4839,10,75,2017-10-20,-0.1416219768896577
SZ-20035,Sam Zeldin,3600.7690000000002,359.55350000000004,10,67,2017-11-25,0.09985464216116058
MC-17425,Mark Cousins,3581.7619999999997,1610.1964,3,34,2016-11-26,0.4495542696583414
DL-13495,Dionis Lloyd,3539.322,-52.78799999999997,8,33,2017-10-15,-0.014914720955030361
AM-10705,Anne McFarland,3530.036,605.4326,6,59,2017-07-21,0.1715089024587851
GM-14440,Gary McGarr,3522.7,325.0216,6,34,2017-08-10,0.0922649104380163
RH-19495,Rick Hansen,3511.872,525.4613,3,32,2017-09-21,0.14962427446102822
BW-11110,Bart Watters,3506.0240000000003,801.9372,5,45,2017-07-01,0.22873123515412327
ED-13885,Emily Ducich,3464.04,660.8387,7,46,2017-08-17,0.19077109386727636
PW-19030,Pauline Webber,3454.916,803.8169,10,48,2017-11-14,0.23265888374710122
FC-14245,Frank Carlisle,3418.742,1217.1662000000001,7,50,2017-10-21,0.3560275095342088
SG-20080,Sandra Glassco,3406.5809999999997,570.438,3,30,2017-12-22,0.16745176468723333
TB-21175,Thomas Boland,3397.488,853.5667,3,29,2017-02-11,0.25123464748072694
AJ-10780,Anthony Jacobs,3383.416,868.2851,4,46,2017-10-16,0.25662971978615695
SF-20200,Sarah Foster,3380.5419999999995,269.12149999999997,8,64,2017-08-27,0.07960897986180915
AG-10675,Anna Gayman,3378.7036000000003,-277.80330000000004,5,40,2017-09-24,-0.08222186166315389
SC-20020,Sam Craven,3362.9636,-317.0508,5,62,2015-10-11,-0.09427720240564007
DJ-13630,Doug Jacobs,3356.398,731.5644,3,43,2017-12-18,0.2179611595525918
AJ-10795,Anthony Johnson,3342.331,844.0102,6,73,2017-07-17,0.25252142890695145
DV-13465,Dianna Vittorini,3341.587,353.2127,6,62,2017-11-06,0.10570208107704512
DC-12850,Dan Campbell,3336.168,-1441.6312999999998,9,64,2017-11-23,-0.4321219135247385
EM-14140,Eugene Moren,3305.826,810.2481,5,41,2017-12-11,0.24509701962535232
RR-19525,Rick Reed,3302.2619999999997,721.6826,6,36,2017-07-13,0.21854189643341443
BS-11665,Brian Stugart,3288.1099999999997,238.73680000000002,3,47,2016-05-27,0.07260608677933525
ES-14020,Erica Smith,3270.488,931.3025,4,28,2017-11-20,0.28475949154988495
RL-19615,Rob Lucas,3257.267,9.192999999999998,5,56,2017-07-07,0.00282230471128096
AH-10075,Adam Hart,3250.337,281.189,10,75,2017-11-26,0.08651072181130758
AS-10090,Adam Shillingsburg,3247.402,65.68099999999998,8,76,2017-09-16,0.020225706580213963
LC-16960,Lindsay Castell,3246.626,299.48019999999997,4,30,2016-10-20,0.09224351680791072
SR-20425,Sharelle Roach,3233.481,-3333.9144,5,34,2017-12-22,-1.031060457754352
DK-12895,Dana Kaydos,3219.824,664.6107,3,37,2017-11-15,0.2064121206624958
AS-10285,Alejandro Savely,3214.236,354.62760000000003,6,39,2017-11-12,0.11033029310853343
ES-14080,Erin Smith,3198.8239999999996,198.6503,7,65,2017-09-19,0.062101040882524335
RS-19420,Ricardo Sperren,3189.25,619.0334,4,25,2017-10-15,0.19409999216116644
VP-21760,Victoria Pisteka,3161.8559999999998,-1050.4226999999998,6,55,2017-10-16,-0.3322171218423609
CS-12355,Christine Sundaresam,3155.062,816.9594,10,66,2017-12-24,0.25893608429881887
RD-19900,Ruben Dartt,3133.924,455.5292,9,85,2017-07-09,0.14535425875037175
PO-19180,Philisse Overcash,3131.908,918.0009,5,33,2017-07-23,0.29311234557336935
SG-20605,Speros Goranitis,3124.832,463.269,6,49,2017-09-13,0.1482540501377354
HG-14965,Henry Goldwyn,3121.142,-2837.8021,10,61,2017-07-12,-0.9092191576032106
TG-21310,Toby Gnade,3058.372,682.1704,5,30,2017-01-27,0.22305017179074357
SL-20155,Sara Luxemburg,3053.012,527.9715,7,30,2017-10-21,0.1729346298016516
RH-19510,Rick Huthwaite,3038.77,864.925,4,32,2016-09-19,0.2846299654136377
CK-12205,Chloris Kastensmidt,3027.687,88.10309999999998,10,102,2017-11-21,0.029099144000023777
EB-13750,Edward Becker,3016.456,-140.95429999999996,7,61,2017-11-25,-0.04672844556658541
AS-10045,Aaron Smayling,2984.9120000000003,-285.80679999999995,6,37,2017-04-09,-0.09575049448693962
MH-18025,Michelle Huthwaite,2983.16,479.9428,4,28,2017-11-11,0.160884029016211
KM-16720,Kunst Miller,2968.506,614.2193,6,76,2017-02-12,0.20691192808773168
NS-18640,Noel Staavos,2964.823,-234.7714,13,113,2017-09-07,-0.07918563772609698
SH-19975,Sally Hughsby,2957.594,530.292,11,104,2017-09-22,0.1792984432616512
TH-21115,Thea Hudgings,2942.772,-252.5539,4,29,2017-02-11,-0.08582176940653234
LT-17110,Liz Thompson,2936.252,320.973,8,63,2017-11-26,0.1093138463592362
KT-16465,Kean Takahito,2911.532,254.0032,6,43,2016-04-14,0.0872403944040457
CS-12400,Christopher Schild,2907.8705,-218.8053,8,45,2017-12-28,-0.0752458887010271
MT-17815,Meg Tillman,2890.139,509.0068,6,31,2017-11-11,0.17611844966626172
BF-11020,Barry Französisch,2888.506,302.02,8,78,2017-10-17,0.10455924273655655
CC-12220,Chris Cortes,2882.022,263.9044,10,60,2017-11-16,0.09156918302497344
IM-15055,Ionia McGrath,2872.63,975.7701,3,19,2016-11-16,0.33967830872754234
CC-12430,Chuck Clark,2870.05,424.6583,10,63,2017-12-30,0.14796198672496993
DL-12925,Daniel Lacy,2859.96,-107.99520000000001,5,34,2017-03-11,-0.037761087567658294
JO-15145,Jack O'Briant,2858.335,523.683,6,45,2017-10-27,0.18321260454075536
MD-17350,Maribeth Dona,2832.9739999999997,-68.6028,6,60,2017-08-05,-0.024215824077453593
TS-21610,Troy Staebel,2811.568,-287.8347,6,41,2017-10-13,-0.10237515151687598
RD-19585,Rob Dowd,2808.384,697.6465999999999,9,57,2017-03-07,0.24841567250062666
DK-13375,Dennis Kane,2799.472,370.6629,6,61,2017-11-12,0.13240457486268836
LS-16945,Linda Southworth,2798.214,-338.6593,3,44,2017-05-07,-0.12102694790319825
BC-11125,Becky Castell,2787.9120000000003,259.6954,8,58,2017-11-06,0.09315050116359483
DK-12835,Damala Kotsonis,2774.782,664.8339000000001,11,60,2017-10-21,0.23959860630492777
JK-16120,Julie Kriz,2763.036,107.62209999999999,8,34,2017-04-09,0.038950668757120784
RD-19660,Robert Dilbeck,2745.892,835.3646,4,20,2017-07-09,0.3042233999006516
KH-16330,Katharine Harms,2735.742,450.3207,7,60,2017-11-20,0.1646064212195448
CK-12325,Christine Kargatis,2729.4809999999998,202.13610000000003,4,32,2017-02-17,0.0740566063658256
MC-17275,Marc Crier,2725.982,461.0014,8,54,2017-10-15,0.16911388263018612
EB-13870,Emily Burns,2708.077,271.4894,8,35,2017-09-21,0.1002517284405133
JE-16165,Justin Ellison,2697.248,789.6476,3,34,2017-10-20,0.2927604728968193
NW-18400,Natalie Webber,2696.208,177.8415,4,44,2016-03-11,0.06595985918000391
BO-11350,Bill Overfelt,2682.728,278.77700000000004,5,43,2017-08-15,0.1039154919917338
SM-20950,Suzanne McNair,2679.224,868.879,8,48,2017-07-20,0.3243024846000185
ML-17395,Marina Lichtenstein,2679.174,683.3118000000001,7,60,2017-10-22,0.2550456969200209
TS-21655,Trudy Schmidt,2675.88,347.2697,4,44,2017-06-05,0.1297777553552476
JM-15250,Janet Martin,2660.514,-135.41039999999998,5,69,2017-11-23,-0.05089633055868151
EJ-14155,Eva Jacobs,2656.691,451.87550000000005,5,31,2017-05-14,0.17008959641900398
RB-19435,Richard Bierner,2655.1059999999998,475.1651,7,63,2017-11-19,0.17896276080879636
SN-20710,Steve Nguyen,2651.5652,423.7668,5,69,2016-11-18,0.1598176050884964
DK-13090,Dave Kipp,2650.557,536.3935,7,33,2017-11-18,0.2023701056042183
CA-12265,Christina Anderson,2638.3272,274.9371,8,63,2017-10-19,0.10420887143944844
DB-12970,Darren Budd,2636.106,195.2179,4,25,2017-03-05,0.07405540596622441
LC-17140,Logan Currie,2633.582,231.12520000000004,9,62,2017-12-17,0.08776077600773396
BD-11605,Brian Dahlen,2631.841,441.356,5,42,2017-09-24,0.1676985805753463
MM-17920,Michael Moore,2622.152,416.97380000000004,9,53,2017-12-23,0.15901969069680172
LW-16990,Lindsay Williams,2619.618,418.0848,4,23,2017-11-14,0.1595976207217999
JL-15505,Jeremy Lonsdale,2613.054,551.9741,3,32,2017-11-11,0.21123715774721838
EB-14110,Eugene Barchas,2608.626,147.4922,3,16,2017-08-09,0.056540186289640595
KN-16390,Katherine Nockton,2608.602,-155.2267,8,53,2017-11-12,-0.059505704588128046
SU-20665,Stephanie Ulpright,2595.364,763.4719,7,61,2017-10-12,0.2941675618525956
AG-10270,Alejandro Grove,2582.898,732.7399,5,58,2017-03-27,0.2836890577947716
LC-16870,Lena Cacioppo,2580.7039999999997,-188.25110000000004,8,113,2017-09-23,-0.07294563808945158
NS-18505,Neola Schneider,2575.863,-12.303999999999997,4,52,2017-12-24,-0.004776651553285247
BT-11305,Beth Thompson,2567.656,417.5918,5,33,2017-01-28,0.16263541533601072
EM-13810,Eleni McCrary,2567.0099999999998,-133.8275,5,23,2017-08-20,-0.052133610698828596
RW-19630,Rob Williams,2558.026,516.8824999999999,7,50,2017-04-13,0.20206303610674792
BH-11710,Brosina Hoffman,2541.047,502.0211,7,59,2017-07-12,0.19756466527380248
CM-12160,Charles McCrossin,2533.314,-394.3686,6,23,2017-10-21,-0.15567300382029234
MZ-17515,Mary Zewe,2528.466,805.9323,4,17,2017-03-23,0.3187435781220709
RD-19480,Rick Duston,2527.57,371.07,7,52,2017-10-19,0.1468089904532812
KB-16585,Ken Black,2524.912,499.52549999999997,10,89,2017-05-14,0.19783877616328807
BT-11530,Bradley Talbott,2524.5119999999997,361.5043,4,42,2017-02-26,0.1431976952377331
JB-16045,Julia Barnett,2518.115,201.51850000000002,5,32,2017-12-23,0.08002752058583505
JS-16030,Joy Smith,2516.494,-311.25749999999994,6,70,2017-10-19,-0.12368696289361307
JS-15880,John Stevenson,2501.98,381.9818,4,33,2016-07-14,0.15267180393128643
PG-18820,Patrick Gardner,2499.201,10.0806,9,56,2017-11-24,0.004033529115905443
AH-10465,Amy Hunt,2495.3916,-196.12009999999998,5,35,2017-05-14,-0.0785929150358605
PO-18865,Patrick O'Donnell,2493.214,437.8533,7,54,2017-12-30,0.17561801754682912
CC-12685,Craig Carroll,2490.045,719.0794,3,38,2015-10-23,0.288781688684341
SS-20410,Shahid Shariari,2488.692,-885.0501999999999,3,34,2015-11-21,-0.3556286595528896
CC-12610,Corey Catlett,2478.839,325.2548,6,35,2017-11-26,0.13121255555524178
NC-18340,Nat Carroll,2461.404,580.3075,5,54,2017-05-20,0.23576280041797285
AC-10615,Ann Chong,2457.326,273.3053,4,49,2017-12-24,0.11122061134745653
DE-13255,Deanra Eno,2456.422,448.32419999999996,4,30,2015-09-24,0.18251106690951308
BS-11590,Brendan Sweed,2454.928,381.7807,6,41,2017-11-25,0.15551604772115518
VM-21685,Valerie Mitchum,2454.866,513.5269,7,37,2017-07-16,0.20918734464528815
FO-14305,Frank Olsen,2449.074,248.80659999999997,8,43,2017-11-22,0.10159211195741737
CT-11995,Carol Triggs,2434.364,175.14269999999996,6,48,2017-09-25,0.07194597849787458
CC-12145,Charles Crestani,2420.13,390.7369,6,27,2017-09-15,0.16145285583832272
TN-21040,Tanja Norvell,2411.845,-641.5094,5,44,2017-01-10,-0.26598284715643006
NZ-18565,Nick Zandusky,2405.1220000000003,409.06100000000004,7,64,2017-06-10,0.1700791061742398
DF-13135,David Flashing,2390.534,-259.3097,3,23,2016-01-30,-0.10847354607798927
MH-17455,Mark Hamilton,2388.782,455.2889,7,36,2017-07-13,0.19059457916210018
MC-17590,Matt Collister,2385.587,274.4113,5,45,2017-09-11,0.1150288377661347
JF-15415,Jennifer Ferguson,2371.448,635.6376,6,69,2017-12-28,0.2680377558352534
NR-18550,Nick Radford,2367.277,-25.148799999999966,5,37,2017-03-06,-0.010623513851568686
ML-17410,Maris LaWare,2362.47,-238.9173,4,43,2017-07-18,-0.10113030006730246
JG-15115,Jack Garza,2358.676,684.1911,3,20,2015-03-12,0.2900742196045578
AG-10495,Andrew Gjertsen,2356.855,295.6668,8,93,2017-10-13,0.12544972007187546
AP-10915,Arthur Prichep,2355.256,280.2847,9,92,2017-09-23,0.11900392144208528
MG-17680,Maureen Gastineau,2350.188,25.888599999999972,4,25,2017-09-29,0.011015544288371811
RA-19285,Ralph Arnett,2347.106,469.1931,8,50,2017-12-25,0.19990281648975375
LL-16840,Lauren Leatherbury,2344.7,412.92560000000003,3,26,2017-02-17,0.1761102059965028
JC-15775,John Castell,2336.056,274.4398,8,61,2017-07-25,0.11747997479512477
DJ-13510,Don Jones,2327.496,301.56489999999997,5,34,2017-08-05,0.1295662377078199
GM-14455,Gary Mitchum,2320.272,527.8582,5,48,2017-12-14,0.22749841397905074
MS-17770,Maxwell Schwartz,2314.112,72.0546,6,55,2016-10-11,0.031137040903811048
MK-17905,Michael Kennedy,2302.368,-405.3559,8,73,2017-08-13,-0.1760604299573309
LH-16900,Lena Hernandez,2295.332,526.0727,9,64,2017-09-12,0.22919242183701533
TT-21460,Tonja Turnell,2280.868,218.8771,6,34,2017-12-18,0.09596219509414837
BP-11095,Bart Pistole,2277.116,425.0915,10,60,2017-12-13,0.18667977388942855
FA-14230,Frank Atkinson,2273.94,333.9861,5,40,2017-09-24,0.14687551122720915
FH-14350,Fred Harton,2271.284,706.289,4,52,2017-02-13,0.3109646349817988
BD-11320,Bill Donatelli,2271.192,213.5025,6,30,2017-09-23,0.09400460198873543
BE-11410,Bobby Elias,2261.438,755.9150999999999,5,19,2017-09-23,0.3342630220240395
KM-16225,Kalyca Meade,2260.958,635.1057000000001,6,72,2017-12-16,0.2809011489819802
JH-16180,Justin Hirsh,2256.3940000000002,-96.95300000000002,4,28,2016-11-21,-0.0429681163839294
MA-17995,Michelle Arnett,2253.3579999999997,245.3636,4,37,2016-07-11,0.10888797962862537
CC-12670,Craig Carreira,2247.7215,179.2677,6,45,2017-06-18,0.07975529886598495
RW-19690,Robert Waldorf,2245.006,449.90279999999996,3,17,2017-03-21,0.20040160249014924
TS-21505,Tony Sayre,2243.274,11.377899999999983,6,54,2017-12-19,0.00507200636212963
MC-17605,Matt Connell,2242.96,193.94459999999998,7,57,2017-09-09,0.08646814923137282
JG-15310,Jason Gross,2240.58,3.7976000000000063,6,46,2017-12-28,0.0016949182800881943
NH-18610,Nicole Hansen,2235.9339999999997,631.3428,5,31,2017-08-04,0.2823620017406596
PV-18985,Paul Van Hugh,2231.28,402.41880000000003,3,32,2017-02-10,0.18035333978702808
DP-13105,Dave Poirier,2215.002,563.1761,8,63,2017-12-24,0.2542553460448343
MM-18055,Michelle Moray,2212.161,-689.4711,5,49,2017-08-09,-0.31167311059186015
CS-12250,Chris Selesnick,2211.876,627.5224000000001,11,78,2017-11-23,0.28370595820018846
DB-13210,Dean Braden,2210.225,156.20329999999998,9,72,2017-12-21,0.07067303102625298
NC-18415,Nathan Cano,2206.03,-2211.0280000000002,5,36,2017-11-19,-1.0022656083552808
DB-13120,David Bremer,2201.554,-285.05120000000005,5,52,2015-12-27,-0.1294772692380019
MG-18145,Mike Gockenbach,2170.702,59.1126,3,39,2017-07-27,0.027232019871912403
TS-21160,Theresa Swint,2163.6240000000003,260.87440000000004,6,60,2016-08-13,0.12057289066861895
PS-18760,Pamela Stobb,2162.509,-143.5466,5,74,2017-09-14,-0.06637965437369278
EJ-13720,Ed Jacobs,2162.174,387.0176,4,31,2017-03-03,0.17899466000423647
NM-18520,Neoma Murray,2156.219,786.1301000000001,9,58,2016-12-23,0.3645873169654845
JD-15790,John Dryer,2152.352,-266.55249999999995,5,26,2017-04-09,-0.12384242911940053
CR-12580,Clay Rozendal,2148.852,74.40129999999999,4,32,2017-03-11,0.03462374328245966
SH-20395,Shahid Hopkins,2148.768,-146.7594,9,44,2017-10-09,-0.06829932314703123
BG-11035,Barry Gonzalez,2139.048,-929.1944000000001,7,33,2017-02-12,-0.4343962360825938
CS-11950,Carlos Soltero,2138.2290000000003,-139.9796,9,60,2017-10-24,-0.06546520508327218
KD-16615,Ken Dana,2131.622,517.3443,4,49,2017-03-16,0.242699831395998
KC-16255,Karen Carlisle,2120.954,846.1217,6,40,2016-11-18,0.39893448891395095
TB-21280,Toby Braunhardt,2115.3,453.9737,5,25,2016-03-25,0.21461433366425564
GW-14605,Giulietta Weimer,2098.449,-280.3164,6,40,2017-02-12,-0.13358266033627691
SH-20635,Stefanie Holloman,2096.392,260.6258,2,16,2015-11-26,0.12432111933264392
LC-17050,Liz Carlisle,2095.064,86.77799999999999,5,43,2017-09-09,0.04142021437053951
RH-19600,Rob Haberlin,2085.7400000000002,172.6261,3,43,2016-07-14,0.08276491796676479
MH-17785,Maya Herman,2083.842,226.8363,5,38,2017-09-23,0.10885484600080043
TG-21640,Trudy Glocke,2074.661,365.7205,4,50,2017-07-09,0.17627964279465416
PF-19225,Phillip Flathmann,2070.178,551.8863,4,31,2017-07-09,0.2665888150680763
FM-14380,Fred McMath,2067.618,144.069,7,47,2017-07-08,0.06967873175799398
RB-19705,Roger Barcio,2067.45,243.07549999999998,4,22,2017-09-14,0.11757261360613316
JK-15625,Jim Karlsson,2060.5879999999997,506.2407999999999,4,23,2015-12-25,0.24567783564691242
AF-10870,Art Ferguson,2052.908,317.9712,7,51,2017-11-19,0.1548881878778786
XP-21865,Xylona Preis,2037.57,604.3756,10,96,2017-11-17,0.2966158708657862
KH-16360,Katherine Hughes,2034.76,468.0579,4,32,2017-12-29,0.23003101102832768
NF-18595,Nicole Fjeld,2031.472,388.2131,7,55,2017-08-18,0.19109940968913183
SD-20485,Shirley Daniels,2030.462,0.2785000000000015,6,73,2017-06-13,0.00013716090229711343
DJ-13420,Denny Joy,2012.52,483.03499999999997,4,20,2016-02-04,0.24001500606205153
EH-14125,Eugene Hildebrand,2005.791,303.55339999999995,6,52,2017-06-21,0.1513384993750595
VB-21745,Victoria Brennan,2005.596,371.2398,6,37,2017-08-03,0.18510198464695782
RB-19795,Ross Baird,2003.3799999999999,81.8694,7,58,2017-05-13,0.04086563707334605
EA-14035,Erin Ashbrook,1993.059,-394.4187,10,75,2017-04-30,-0.1978961485836596
JL-15850,John Lucas,1984.5259999999998,560.8944,5,25,2016-04-25,0.28263393878437476
ML-17755,Max Ludwig,1984.226,384.2559,6,42,2017-11-30,0.19365530942543843
BP-11185,Ben Peterman,1969.02,237.5078,7,53,2017-12-29,0.12062234004733319
TP-21565,Tracy Poddar,1936.6399999999999,139.22869999999995,4,48,2017-01-14,0.07189188491407797
SW-20455,Shaun Weien,1919.96,668.4568,6,16,2017-07-21,0.3481618367049314
HA-14920,Helen Andreada,1919.7379999999998,67.2763,5,54,2017-10-12,0.03504452170035703
AH-10690,Anna Häberlin,1915.358,312.3818,9,54,2016-11-15,0.16309316587290731
KT-16480,Kean Thornton,1909.25,277.9352,4,11,2017-09-21,0.1455729736807647
SV-20935,Susan Vittorini,1903.491,106.8912,8,66,2017-12-28,0.0561553482522376
DB-13615,Doug Bickford,1893.53,420.18379999999996,5,28,2017-09-21,0.22190501338769386
KD-16345,Katherine Ducich,1888.964,328.5942,6,36,2017-11-19,0.1739547180359181
LR-17035,Lisa Ryan,1879.306,-382.8079,5,44,2017-08-20,-0.2036964177201584
SC-20440,Shaun Chance,1874.998,379.5611,7,44,2017-11-24,0.20243280259498944
DK-13225,Dean Katz,1874.252,-240.13689999999997,7,51,2017-12-20,-0.12812412631812584
NG-18355,Nat Gilpin,1869.58,313.63349999999997,5,45,2017-12-11,0.16775612704457685
MN-17935,Michael Nguyen,1868.49,232.6675,4,26,2017-11-26,0.12452167258053294
CD-12790,Cynthia Delaney,1860.732,403.8422,5,49,2016-11-26,0.21703404896567588
IL-15100,Ivan Liston,1836.446,332.7068,5,28,2016-07-23,0.1811688446052865
EG-13900,Emily Grady,1832.02,104.2656,5,44,2017-11-17,0.05691291579786247
PJ-19015,Pauline Johnson,1824.2340000000002,682.9979000000001,7,25,2017-08-18,0.37440257116137515
JF-15355,Jay Fein,1821.894,287.023,5,53,2017-09-16,0.15754099854327422
RP-19855,Roy Phan,1818.8,506.7507,7,47,2017-05-27,0.2786181548273587
CB-12415,Christy Brittain,1803.7,212.1693,7,38,2017-11-16,0.11763003825469867
EM-13825,Elizabeth Moffitt,1802.402,440.7408,5,37,2017-07-20,0.244529688715392
PC-18745,Pamela Coakley,1800.5040000000001,262.2702,3,19,2017-12-28,0.1456648805001266
JB-15400,Jennifer Braxton,1791.605,156.05319999999998,10,43,2017-12-23,0.08710245841019643
SW-20275,Scott Williamson,1770.4699999999998,278.6801,4,21,2017-11-21,0.15740458748241992
SC-20695,Steve Chapman,1758.418,422.7849,6,48,2017-02-10,0.24043481129060326
CY-12745,Craig Yedwab,1753.6819999999998,-29.356899999999996,6,30,2017-09-16,-0.016740150152650252
CD-11920,Carlos Daly,1750.048,408.916,4,30,2017-11-20,0.23365987675766609
AH-10030,Aaron Hawkins,1744.7,365.2152,7,54,2017-12-18,0.20932836590817905
OT-18730,Olvera Toch,1737.6539999999998,-909.111,2,16,2016-07-28,-0.5231829811918829
TH-21100,Thea Hendricks,1736.924,-220.6767,4,22,2017-01-20,-0.1270502912044511
VT-21700,Valerie Takahito,1736.596,-224.08889999999997,2,42,2015-05-04,-0.12903916627701548
SC-20260,Scott Cohen,1729.616,417.8131,6,42,2017-06-26,0.2415640812758439
BE-11455,Brad Eason,1727.652,139.20080000000002,6,40,2017-04-20,0.08057224487338886
JM-15535,Jessica Myrick,1725.083,353.5299,6,44,2017-09-19,0.20493500892420827
MC-18100,Mick Crebagga,1719.568,-17.647000000000002,8,55,2017-11-19,-0.010262461269342068
PR-18880,Patrick Ryan,1718.29,223.20499999999998,4,38,2017-11-24,0.12989949310069895
TZ-21580,Tracy Zic,1702.126,223.5471,3,28,2016-02-22,0.13133404930069806
KB-16240,Karen Bern,1697.065,475.5861,6,24,2017-12-26,0.2802403561442844
MV-18190,Mike Vittorini,1694.654,260.88419999999996,6,35,2017-11-12,0.1539454071450573
JO-15280,Jas O'Carroll,1690.3519999999999,257.0182,5,31,2016-04-19,0.15205010554014786
DK-12985,Darren Koutras,1687.04,-107.35379999999998,5,32,2017-12-23,-0.06363441293626707
KE-16420,Katrina Edelman,1686.7312,397.87989999999996,8,67,2017-11-13,0.23588814862735685
AH-10120,Adrian Hane,1680.146,-2.2784999999999798,5,56,2017-08-17,-0.0013561321456587582
CA-12055,Cathy Armstrong,1679.7240000000002,211.2559,5,49,2016-11-24,0.1257682214459042
BP-11155,Becky Pak,1673.306,644.2344,4,24,2017-02-10,0.38500692640796125
EN-13780,Edward Nazzal,1670.2259999999999,444.95829999999995,3,19,2017-03-18,0.26640604325402667
JP-15460,Jennifer Patt,1669.135,429.7465,7,54,2017-11-23,0.25746659197728167
ME-17725,Max Engle,1644.0072,-7.602499999999992,5,24,2017-06-29,-0.004624371474772125
EB-13975,Erica Bern,1643.255,162.8781,4,18,2017-12-30,0.09911918722292035
NC-18625,Noah Childs,1640.402,-390.2962,3,19,2017-09-06,-0.23792716663354468
CV-12295,Christina VanderZanden,1639.788,383.5849,4,47,2017-04-20,0.23392347059497937
AP-10720,Anne Pryor,1638.554,285.7888,8,85,2017-11-19,0.17441524661378263
JF-15565,Jill Fjeld,1624.034,147.26659999999998,5,47,2017-06-11,0.09067950547833356
SO-20335,Sean O'Donnell,1622.63,299.42879999999997,5,45,2017-09-09,0.18453301122252144
AW-10930,Arthur Wiediger,1610.272,86.7888,5,31,2017-11-14,0.05389698137954333
CK-12595,Clytie Kelty,1604.536,496.3772,7,61,2017-11-17,0.30935871803437254
DN-13690,Duane Noonan,1604.06,385.3278,4,27,2016-12-22,0.24022031594828125
JK-15370,Jay Kimmel,1602.52,214.606,6,54,2017-11-16,0.1339178294186656
AH-10195,Alan Haines,1587.452,-378.5509,4,28,2017-08-24,-0.23846447010681268
CR-12730,Craig Reiter,1577.43,298.5366,3,13,2017-10-13,0.18925505410699683
JL-15175,James Lanier,1571.523,209.2817,5,29,2017-12-24,0.13317126125421008
MS-17710,Maurice Satty,1570.78,253.3826,5,34,2016-05-26,0.16131004978418365
JM-15265,Janet Molinari,1569.63,514.5157,4,38,2017-11-23,0.32779425724533806
LS-16975,Lindsay Shagiari,1569.3300000000002,22.075700000000005,5,31,2017-10-12,0.014066958510956906
MC-18130,Mike Caudle,1569.038,115.53569999999999,4,32,2016-12-26,0.07363473669853757
BD-11620,Brian DeCherney,1538.11,206.75689999999997,6,27,2017-10-22,0.13442270058708414
HA-14905,Helen Abelman,1531.58,209.5678,5,32,2017-10-22,0.1368311155799893
HF-14995,Herbert Flentye,1528.716,79.3326,5,57,2017-09-12,0.05189492358292842
CC-12100,Chad Cunningham,1524.445,161.50459999999998,5,37,2016-09-29,0.10594321211982065
BV-11245,Benjamin Venier,1523.2730000000001,315.2214,5,49,2017-01-30,0.20693690494087402
BD-11725,Bruce Degenhardt,1517.26,329.5439,5,26,2017-05-30,0.21719672304021723
CK-12760,Cyma Kinney,1513.367,-290.31170000000003,8,55,2017-09-10,-0.19183165748955808
ON-18715,Odella Nelson,1504.08,-33.866600000000005,8,54,2016-11-15,-0.022516488484655078
AB-10600,Ann Blume,1498.774,-276.0284,3,36,2017-10-11,-0.184169461172932
MO-17800,Meg O'Connel,1495.774,238.75979999999998,6,33,2017-09-17,0.15962291094777686
MV-17485,Mark Van Huff,1476.35,185.67780000000002,8,47,2017-11-24,0.12576814441020084
CM-12190,Charlotte Melton,1475.144,91.2033,6,21,2017-12-22,0.061826709799178925
LW-16825,Laurel Workman,1472.567,-206.7832,4,36,2017-03-10,-0.14042362758366853
BN-11515,Bradley Nguyen,1459.344,340.7054,5,79,2017-12-21,0.23346476224933943
DL-13315,Delfina Latchford,1458.258,288.8732,8,74,2017-11-25,0.19809471300688902
MB-17305,Maria Bertelson,1454.3419999999999,181.2302,9,58,2017-09-10,0.12461319277033876
PK-18910,Paul Knutson,1441.152,-798.705,2,14,2016-03-09,-0.554212879696243
LE-16810,Laurel Elliston,1439.55,156.68189999999998,5,27,2017-09-12,0.10884088777743044
TD-20995,Tamara Dahlen,1433.468,88.9817,8,65,2017-11-23,0.062074423705307684
JF-15190,Jamie Frazer,1432.126,312.9405,6,55,2017-10-26,0.21851464186810376
JR-16210,Justin Ritter,1423.636,104.75340000000003,3,27,2017-09-19,0.07358158967601271
CA-12310,Christine Abelman,1421.954,246.02179999999998,4,25,2017-12-17,0.1730167079947734
JS-15595,Jill Stevenson,1417.654,-175.54899999999998,4,35,2017-02-09,-0.12383063850558738
MH-17290,Marc Harrigan,1406.837,261.8152,5,45,2017-02-09,0.18610201466125784
PM-18940,Paul MacIntyre,1405.402,157.8768,3,16,2016-09-12,0.1123356875826276
TB-21625,Trudy Brown,1399.812,308.2208,6,43,2017-11-17,0.22018728229219353
CR-12820,Cyra Reiten,1397.8724,83.27029999999999,3,26,2017-06-10,0.059569314051840495
BS-11755,Bruce Stewart,1396.6560000000002,-224.6151,5,22,2017-12-29,-0.16082349554936934
LW-17215,Luke Weiss,1393.412,380.4262,5,41,2017-09-12,0.27301774349582175
SP-20650,Stephanie Phelps,1383.8600000000001,129.0846,6,40,2016-09-12,0.09327865535531049
CL-12700,Craig Leslie,1371.1799999999998,159.8604,3,14,2017-09-16,0.11658600621362623
GH-14485,Gene Hale,1361.2440000000001,-95.4498,2,15,2016-08-12,-0.07011953771697065
MG-17695,Maureen Gnade,1342.282,-398.79319999999996,3,23,2016-06-23,-0.2971009072609183
BM-11785,Bryan Mills,1338.842,137.7439,10,44,2017-05-26,0.10288286444554323
DS-13180,David Smith,1335.1148,76.6164,6,37,2017-07-12,0.057385627063680215
PN-18775,Parhena Norris,1329.006,171.04319999999998,6,41,2017-09-11,0.12870009616209405
SG-20470,Sheri Gordon,1326.826,-271.23789999999997,5,33,2017-06-30,-0.20442612671141502
SS-20140,Saphhira Shifley,1324.028,332.3487,8,86,2017-12-15,0.25101334714975815
JW-16075,Julia West,1323.467,133.6845,2,28,2015-10-12,0.10101082988846719
DM-13345,Denise Monton,1319.35,37.65869999999998,6,29,2017-08-12,0.028543373630954626
JE-15475,Jeremy Ellison,1318.692,244.41189999999997,4,43,2017-06-20,0.185344189545398
PF-19165,Philip Fox,1316.95,-167.44940000000003,4,15,2017-06-17,-0.1271493982307605
RD-19720,Roger Demir,1312.568,187.7961,7,63,2017-09-12,0.1430753301924167
SP-20545,Sibella Parks,1306.086,-118.77570000000001,6,43,2017-06-02,-0.09094018311198498
NL-18310,Nancy Lomonaco,1305.626,316.6975,2,36,2017-02-11,0.2425637203915976
EK-13795,Eileen Kiefer,1303.478,97.10659999999999,4,18,2017-11-16,0.07449807361535828
MY-17380,Maribeth Yedwab,1303.456,269.5424,5,29,2017-10-16,0.20679056293423023
MF-18250,Monica Federle,1299.936,322.2482,3,21,2017-12-23,0.24789543485217735
DM-12955,Dario Medina,1298.7060000000001,103.2467,5,22,2017-07-09,0.07949967121119021
BP-11290,Beth Paige,1297.163,-22.321799999999993,4,28,2017-12-18,-0.017208168903985074
GR-14560,Georgia Rosenberg,1284.38,359.83320000000003,2,23,2014-11-21,0.2801610115386412
PB-19150,Philip Brown,1281.6580000000001,281.897,6,41,2017-09-24,0.21994713098189997
SV-20815,Stuart Van,1271.0900000000001,199.6502,4,24,2017-10-15,0.15707007371625928
CL-11890,Carl Ludwig,1262.0140000000001,328.0847,4,24,2017-10-06,0.25996914455782577
AG-10525,Andy Gerbode,1261.102,-180.5025,3,28,2015-07-09,-0.14313076975534095
DB-12910,Daniel Byrd,1254.009,132.67079999999999,6,28,2017-09-12,0.1057973268134439
RK-19300,Ralph Kennedy,1250.522,283.666,2,28,2017-02-09,0.22683807242095702
CA-12775,Cynthia Arntzen,1248.445,40.004700000000014,5,35,2017-01-09,0.03204362226609904
ER-13855,Elpida Rittenbach,1245.788,-295.7398,3,27,2016-06-09,-0.2373917552585191
PG-18895,Paul Gonzalez,1243.414,329.4462,6,45,2017-06-20,0.2649529440717251
MG-17875,Michael Grace,1242.8329999999999,-470.7684,5,23,2017-05-09,-0.37878653045099386
LH-17155,Logan Haushalter,1235.665,329.1554,7,36,2016-10-12,0.26637915616287583
RM-19375,Raymond Messe,1229.13,364.568,4,24,2017-01-19,0.296606542839244
NP-18685,Nora Pelletier,1228.698,514.5017,6,23,2016-11-19,0.4187373138069729
SJ-20500,Shirley Jackson,1226.256,49.59229999999997,4,21,2017-04-21,0.040442044728017615
AZ-10750,Annie Zypern,1218.6019999999999,79.85379999999999,4,30,2017-07-23,0.06552902424253366
GG-14650,Greg Guthrie,1216.064,-109.845,8,47,2017-11-17,-0.09032830508920582
DO-13645,Doug O'Connell,1209.748,288.31080000000003,6,32,2017-09-23,0.2383230226460387
ME-18010,Michelle Ellison,1205.776,113.7564,3,13,2015-05-21,0.09434289619299106
CD-12280,Christina DeMoss,1205.584,233.0274,2,39,2017-11-18,0.19329005693506215
AJ-10945,Ashley Jarboe,1200.51,355.0654,6,31,2017-06-10,0.2957621344262022
NB-18655,Nona Balk,1196.864,-73.9323,5,30,2017-11-18,-0.06177167999037484
EH-14005,Erica Hernandez,1190.058,-104.08759999999997,6,47,2017-12-28,-0.0874643084622766
ZD-21925,Zuschuss Donatelli,1187.7440000000001,206.6645,3,20,2016-08-07,0.17399751124821508
MG-17650,Matthew Grinstein,1185.322,123.32540000000002,3,28,2017-03-16,0.10404379569433456
DB-13405,Denny Blanton,1185.242,407.3222,3,57,2017-03-17,0.3436616319705174
DC-13285,Debra Catini,1174.618,132.06820000000002,5,37,2017-07-12,0.11243502142824308
MB-18085,Mick Brown,1165.089,147.2643,5,35,2017-11-16,0.12639746834791163
JR-15670,Jim Radford,1156.658,-785.1645,2,14,2016-05-16,-0.6788216568769679
DB-13660,Duane Benoit,1155.202,177.67350000000002,7,33,2017-12-18,0.1538029712552437
GD-14590,Giulietta Dortch,1150.676,386.2356,3,14,2017-12-25,0.33565973393031573
CG-12520,Claire Gute,1148.7800000000002,169.93439999999998,3,14,2017-01-26,0.14792597364160234
JL-15130,Jack Lebron,1142.988,-209.7818,4,35,2017-12-22,-0.18353805989214234
JP-16135,Julie Prescott,1139.1979999999999,151.8756,7,36,2017-09-19,0.1333180009094117
DG-13300,Deirdre Greer,1135.9679999999998,31.821599999999993,4,26,2016-08-22,0.028012760922842894
SJ-20215,Sarah Jordon,1135.152,-43.2141,4,28,2017-08-16,-0.03806899868916233
PJ-18835,Patrick Jones,1135.082,434.1867,7,36,2017-11-21,0.38251571252120986
JS-15685,Jim Sink,1131.0639999999999,-54.8692,4,42,2017-11-18,-0.04851113641668377
AT-10435,Alyssa Tate,1128.354,94.44340000000001,5,24,2017-09-12,0.083700150839187
CH-12070,Cathy Hwang,1127.976,126.8973,1,3,2016-08-02,0.11249999999999999
LW-17125,Liz Willingham,1120.73,165.8033,1,10,2016-05-11,0.14794223407957313
TC-21475,Tony Chapman,1118.8,168.85019999999997,7,34,2017-04-30,0.1509208080085806
TB-21250,Tim Brockman,1118.6280000000002,312.6783,6,69,2017-01-15,0.27951946491595053
NP-18670,Nora Paige,1111.202,273.3408,3,22,2017-02-11,0.24598659829625938
JM-16195,Justin MacKendrick,1111.1960000000001,312.779,7,52,2017-07-09,0.2814795949589451
Co-12640,Corey-Lock,1103.156,184.67620000000002,3,22,2015-02-08,0.16740714821838437
CV-12805,Cynthia Voltz,1103.136,175.5531,7,32,2017-12-25,0.15914003350448178
TM-21490,Tony Molinari,1094.6779999999999,292.52099999999996,3,12,2017-08-22,0.2672210458235207
DV-13045,Darrin Van Huff,1085.3429999999998,-439.4234,3,24,2017-11-12,-0.40487053401551404
FG-14260,Frank Gastineau,1084.68,368.6241,6,42,2017-11-26,0.3398459453479367
DW-13195,David Wiener,1080.751,-86.87379999999999,6,39,2017-10-22,-0.0803828078808162
CM-11815,Candace McMahon,1078.448,113.7578,4,22,2017-08-21,0.10548287910033677
JO-15550,Jesus Ocampo,1067.288,166.4934,4,37,2017-04-16,0.15599669442549716
JF-15490,Jeremy Farry,1063.798,-21.59530000000001,10,32,2017-06-05,-0.02030018856963447
DP-13165,David Philippe,1058.616,-40.93759999999999,2,20,2015-10-10,-0.03867086837909118
PO-19195,Phillina Ober,1056.858,-49.70089999999999,5,32,2017-05-10,-0.04702703674476608
DS-13030,Darrin Sayre,1054.852,216.0927,2,26,2017-04-04,0.20485594187620632
JW-15955,Joni Wasserman,1049.2379999999998,-41.75389999999999,6,37,2017-12-25,-0.03979449848366147
RF-19735,Roland Fjeld,1045.58,392.04909999999995,5,40,2017-02-10,0.3749584919374892
SM-20905,Susan MacKendrick,1043.041,-237.2885,1,20,2016-03-05,-0.2274968098090104
MD-17860,Michael Dominguez,1042.912,-50.919200000000004,3,33,2017-11-24,-0.04882406185756804
EM-14095,Eudokia Martin,1041.0420000000001,240.2362,4,34,2017-08-09,0.23076513723749856
AA-10375,Allen Armold,1039.622,275.9152,8,39,2017-11-12,0.26539953944799166
TT-21220,Thomas Thornton,1039.184,125.2677,6,47,2017-03-18,0.12054429244484134
TC-21145,Theresa Coyne,1038.26,265.5332,1,17,2017-09-15,0.2557482711459558
MC-17575,Matt Collins,1033.911,170.252,7,37,2017-07-08,0.16466794530670434
MK-18160,Mike Kennedy,1031.602,227.83380000000002,4,43,2017-04-05,0.22085436049949497
MM-17260,Magdelene Morse,1029.495,130.7312,2,11,2017-07-15,0.12698575515179775
PC-19000,Pauline Chand,1011.696,-172.5108,1,10,2015-01-08,-0.1705164397210229
RB-19330,Randy Bradley,1008.1959999999999,-164.40619999999998,2,16,2017-10-23,-0.16306968089538146
BF-11005,Barry Franz,1006.46,96.8989,3,16,2017-11-21,0.09627695089720406
KN-16705,Kristina Nunn,998.662,33.0959,6,37,2017-09-23,0.03314024164331876
BG-11695,Brooke Gillingham,998.274,27.8768,4,19,2017-11-24,0.02792499854749297
LS-17245,Lynn Smith,994.7560000000001,342.2036,5,45,2017-11-26,0.34400757572711294
GH-14410,Gary Hansen,993.799,-560.5059,5,33,2017-10-16,-0.5640032843663558
PS-18970,Paul Stevenson,989.3109999999999,137.7111,5,36,2017-10-22,0.13919899809059033
CW-11905,Carl Weiss,986.688,353.3734,4,29,2017-08-12,0.35814097262761885
KB-16600,Ken Brennan,983.922,293.55240000000003,7,29,2017-12-29,0.29834925939251283
RA-19945,Ryan Akin,977.88,-8.951900000000002,4,18,2017-10-30,-0.009154395222317669
TS-21340,Toby Swindell,974.7819999999999,-184.97889999999998,5,51,2017-05-18,-0.18976437808658755
RD-19930,Russell D'Ascenzo,970.9420000000001,35.05740000000001,4,33,2017-11-18,0.036106585151327274
CC-12475,Cindy Chapman,970.54,140.904,7,27,2017-11-21,0.14518103323922765
SC-20680,Steve Carroll,970.0400000000001,258.2566,3,12,2016-12-17,0.2662329388478825
TM-21010,Tamara Manning,968.4659999999999,302.6683,5,37,2017-09-18,0.3125234133154907
RC-19825,Roy Collins,966.409,63.991400000000006,6,29,2016-12-26,0.0662156498956446
BP-11050,Barry Pond,961.18,207.281,4,28,2017-08-10,0.21565263530244078
RP-19270,Rachel Payne,954.6452,59.538399999999996,4,47,2016-08-21,0.062367044845561465
KB-16315,Karl Braun,953.98,-60.07440000000001,5,36,2016-06-09,-0.06297238935826747
AB-10150,Aimee Bixby,951.77,306.6379,4,34,2017-11-19,0.32217647120627885
RF-19840,Roy Französisch,945.222,280.0261,8,45,2017-12-24,0.29625431909117644
EM-13960,Eric Murdock,933.704,102.29599999999999,5,18,2017-01-08,0.10955934643098883
TB-21595,Troy Blackwell,929.208,68.5313,4,20,2017-03-20,0.07375237836953621
EH-14185,Evan Henry,923.884,242.1107,6,22,2017-09-16,0.26205746608881636
MO-17500,Mary O'Rourke,922.487,59.357699999999994,4,15,2017-10-19,0.06434529700689548
MF-17665,Maureen Fritzler,921.8710000000001,-345.31850000000003,4,34,2016-07-22,-0.3745844049764012
TB-21055,Ted Butterfield,918.1060000000001,224.3344,4,41,2017-03-21,0.24434477064739796
AB-10255,Alejandro Ballentine,914.5319999999999,264.5675,9,39,2017-07-17,0.2892927748837657
RD-19810,Ross DeVincentis,910.3159999999999,272.4789,6,40,2017-12-16,0.2993234217568405
KB-16405,Katrina Bavinger,908.821,274.297,3,25,2017-04-09,0.30181630926222
CG-12040,Catherine Glotzbach,904.4680000000001,86.5106,6,37,2017-11-11,0.09564804946111967
JB-15925,Joni Blumstein,900.552,-286.9808,3,32,2015-12-24,-0.3186721033321785
BF-11215,Benjamin Farhat,892.222,349.9783,3,45,2017-10-26,0.39225473032496394
EB-13930,Eric Barreto,887.78,-27.80579999999999,4,21,2017-07-22,-0.03132059744531302
AB-10015,Aaron Bergman,886.156,129.3465,3,13,2016-10-11,0.14596357751908243
HE-14800,Harold Engle,883.5319999999999,274.4028,4,44,2017-12-18,0.3105748292082234
CM-12115,Chad McGuire,879.21,188.83730000000003,3,22,2017-12-22,0.2147806553610628
RE-19450,Richard Eichhorn,876.696,209.2294,5,47,2017-03-03,0.23865672935658425
SK-19990,Sally Knutson,876.249,165.3565,2,17,2017-12-22,0.1887094878282315
TH-21235,Tiffany House,875.416,121.2701,6,31,2017-08-06,0.1385285395743281
VS-21820,Vivek Sundaresam,868.7529999999999,-254.9773,3,26,2017-05-23,-0.29349803684131165
CM-12235,Chris McAfee,865.96,308.56,3,17,2016-10-12,0.3563213081435632
JR-15700,Jocasta Rupert,863.88,107.985,1,3,2017-10-23,0.125
AR-10345,Alex Russell,860.928,-222.2046,2,15,2017-08-09,-0.25809893510258697
JC-16105,Julie Creighton,858.576,201.5952,5,43,2017-10-23,0.23480181137138703
VF-21715,Vicky Freymann,847.944,-96.27799999999999,5,35,2017-12-17,-0.11354287547290859
DO-13435,Denny Ordway,840.598,119.1506,8,42,2017-08-19,0.14174504340957272
TB-21355,Todd Boyes,834.328,268.967,5,44,2017-06-08,0.322375612468957
DP-13000,Darren Powers,832.5640000000001,266.61379999999997,7,48,2017-05-14,0.320232198365531
EH-13990,Erica Hackney,825.9499999999999,150.3759,6,20,2016-11-20,0.1820641685332042
SS-20875,Sung Shariari,823.9259999999999,-85.4032,3,23,2017-01-09,-0.1036539689243937
GA-14725,Guy Armstrong,822.702,11.328200000000006,9,56,2017-12-25,0.013769505847803952
HZ-14950,Henia Zydlo,821.096,-78.04870000000001,4,17,2017-11-25,-0.09505429328604695
TB-21190,Thomas Brumley,809.9340000000001,175.9462,3,21,2017-11-11,0.21723523151269114
BM-11575,Brendan Murry,808.162,95.58160000000001,6,22,2017-09-21,0.1182703467869066
SC-20575,Sonia Cooley,803.528,74.4333,4,25,2017-08-19,0.09263311297179438
BT-11395,Bill Tyler,801.8030000000001,51.979600000000005,4,23,2017-03-03,0.06482839300925539
DK-13150,David Kendrick,797.832,249.9447,2,20,2017-12-20,0.31327986342989506
JM-15655,Jim Mitchum,791.161,106.04320000000001,3,30,2017-12-22,0.134034918303607
JG-15805,John Grady,788.068,114.9769,5,36,2017-05-21,0.14589718146149824
MS-17980,Michael Stewart,787.0840000000001,32.461200000000005,4,36,2017-04-12,0.041242357867775234
RC-19960,Ryan Crowe,786.184,-23.040899999999997,5,42,2017-11-09,-0.029307261404454932
LS-17200,Luke Schmidt,769.744,158.7852,4,35,2017-09-25,0.20628312789706707
BS-11800,Bryan Spruell,760.8,116.9461,1,17,2017-09-04,0.15371464248159833
CS-12130,Chad Sievert,760.5840000000001,130.07920000000001,3,22,2015-12-20,0.17102542257002515
SW-20755,Steven Ward,758.6959999999999,68.2416,2,27,2016-07-14,0.0899459071881228
KA-16525,Kelly Andreada,756.758,95.8708,3,18,2017-11-20,0.12668620615837559
LP-17080,Liz Pelletier,756.606,110.7813,4,39,2017-11-20,0.14641874370544247
Dl-13600,Dorris liebe,755.602,175.2388,5,19,2017-08-06,0.2319194496573593
BF-11275,Beth Fritzler,750.0799999999999,14.973599999999998,2,8,2017-03-11,0.019962670648464163
JL-15235,Janet Lee,746.6479999999999,-83.55239999999998,3,18,2017-02-09,-0.11190333329761813
BB-10990,Barry Blumstein,744.3399999999999,11.583900000000007,5,26,2017-09-16,0.015562646102587539
TC-21535,Tracy Collins,742.5580000000001,217.933,7,28,2017-12-26,0.2934895321308234
PB-18805,Patrick Bzostek,740.356,229.2257,3,54,2017-05-12,0.30961550929552806
AH-10585,Angele Hood,738.504,83.96300000000001,4,17,2017-09-12,0.11369335846522159
MC-17635,Matthew Clasen,731.134,-277.39270000000005,3,27,2017-06-24,-0.3794006297067296
LM-17065,Liz MacKendrick,730.634,-120.9832,4,22,2016-06-08,-0.16558660013084525
VG-21790,Vivek Gonzalez,730.05,118.1156,5,30,2017-08-07,0.16179111019793166
PH-18790,Patricia Hirasaki,729.648,47.8878,1,6,2017-10-21,0.06563137293599106
PA-19060,Pete Armstrong,729.408,225.8588,6,27,2017-09-18,0.3096467272089146
GB-14530,George Bell,725.034,142.1987,8,35,2017-10-29,0.19612694025383637
HG-14845,Harry Greene,715.728,125.402,4,26,2017-09-10,0.17520901795095345
DW-13585,Dorothy Wardle,706.362,104.3534,6,35,2017-04-14,0.1477335983532523
JD-16060,Julia Dunbar,695.442,111.11410000000001,3,17,2017-05-03,0.15977479070864287
KC-16675,Kimberly Carter,693.586,161.73669999999998,3,19,2017-05-26,0.23318910704656665
JF-15295,Jason Fortune-,693.028,107.1608,3,31,2017-05-19,0.15462694147999792
PB-19105,Peter Bühler,688.324,218.15970000000002,4,18,2017-09-22,0.31694332901366223
AM-10360,Alice McCarthy,684.1800000000001,254.89679999999998,4,41,2017-02-12,0.372558098745944
EH-13945,Eric Hoffmann,684.1709999999999,53.53980000000001,8,72,2017-05-27,0.07825499765409527
TR-21325,Toby Ritter,675.9419999999999,220.36440000000002,5,22,2017-06-20,0.3260108115785083
SN-20560,Skye Norling,668.434,249.6915,3,38,2016-06-26,0.37354697696406824
MM-18280,Muhammed MacIntyre,662.1479999999999,27.2051,7,25,2017-09-18,0.041086131801349554
AG-10330,Alex Grayson,660.972,-5.137100000000006,5,47,2017-12-22,-0.00777203875504561
BK-11260,Berenike Kampe,659.1379999999999,-63.764399999999995,6,58,2017-10-14,-0.09673907436682455
AC-10660,Anna Chung,657.316,-28.700399999999995,5,16,2017-03-23,-0.04366301748321963
AW-10840,Anthony Witt,649.376,65.77250000000001,4,24,2017-10-12,0.10128569580643573
CD-11980,Carol Darley,639.766,-206.7172,3,22,2017-06-11,-0.32311376346976867
MR-17545,Mathew Reese,639.178,162.9363,4,29,2017-08-27,0.25491537568564626
SW-20245,Scot Wooten,636.394,-12.257000000000005,5,24,2017-10-10,-0.019260081018991387
CS-12505,Cindy Stewart,634.986,248.6513,4,21,2017-02-11,0.3915854837744454
AA-10480,Andrew Allen,632.532,107.1512,3,21,2017-04-15,0.16940044140059315
AJ-10960,Astrea Jones,629.2479999999999,60.4265,3,22,2017-10-17,0.0960297052990236
RF-19345,Randy Ferguson,628.818,206.93290000000002,6,40,2016-05-12,0.3290823417904704
BG-11740,Bruce Geld,619.356,60.859300000000005,5,13,2017-04-17,0.09826222721665731
JB-16000,Joy Bell-,619.2688,119.0614,6,27,2017-11-17,0.192261260376754
NG-18430,Nathan Gelder,616.778,188.81820000000002,4,26,2015-11-22,0.3061364056435217
RR-19315,Ralph Ritter,615.932,-73.835,2,7,2017-11-12,-0.11987524596871083
SS-20515,Shirley Schmidt,613.4,199.93449999999999,3,36,2016-08-26,0.32594473426801435
HR-14770,Hallie Redmond,611.888,137.4614,4,33,2017-12-17,0.22465124336479877
HP-14815,Harold Pawlan,608.822,67.3284,5,32,2017-01-23,0.11058798795050113
BT-11440,Bobby Trafton,603.876,-77.5256,4,16,2016-06-18,-0.12837999854274718
LO-17170,Lori Olson,596.37,126.1812,4,32,2017-12-28,0.21158207153277328
DH-13675,Duane Huffman,585.352,44.0666,3,14,2015-11-15,0.07528222334595253
TS-21430,Tom Stivers,584.548,-225.89679999999998,3,12,2016-11-13,-0.38644696415007834
BD-11635,Brian Derr,582.646,141.53400000000002,3,19,2017-12-21,0.24291593866601682
BF-10975,Barbara Fisher,579.134,220.4643,6,31,2016-11-20,0.38067925557815635
HM-14980,Henry MacAllister,573.952,75.6782,2,13,2016-09-18,0.13185458017395182
DL-13330,Denise Leinenbach,572.6,217.4648,3,29,2017-03-11,0.3797848410757946
AS-10240,Alan Shonely,571.408,28.526599999999995,5,36,2017-06-21,0.04992334724050065
MZ-17335,Maria Zettner,567.7760000000001,75.462,3,8,2017-03-26,0.13290804824437805
CM-11935,Carlos Meador,565.392,-43.732400000000005,2,18,2016-01-22,-0.07734881285904294
MG-17890,Michael Granlund,564.432,156.8335,7,29,2017-09-22,0.27786075204807664
KC-16540,Kelly Collister,553.282,69.8449,3,14,2017-09-24,0.12623743407520938
CS-12460,Chuck Sachs,550.644,156.2593,2,13,2017-03-12,0.2837755428189538
RB-19570,Rob Beeghly,528.546,76.8879,5,35,2017-05-12,0.14547059290960482
CS-11860,Cari Schnelling,524.528,100.891,4,11,2017-07-21,0.19234626178202116
BW-11200,Ben Wallace,511.522,98.00729999999999,1,25,2016-10-27,0.19159938379971925
AR-10405,Allen Rosenblatt,508.004,93.4522,3,16,2017-06-19,0.18395957512145575
FM-14215,Filia McAdams,507.13,100.8086,6,23,2017-12-23,0.19878256068463707
MP-17470,Mark Packer,506.876,90.82419999999999,3,11,2015-03-12,0.17918425808284472
AY-10555,Andy Yotov,497.014,103.3499,4,34,2017-12-16,0.2079416273988258
SW-20350,Sean Wendt,495.86400000000003,-41.2445,2,21,2017-07-21,-0.08317704047884097
GM-14500,Gene McClure,484.304,94.286,6,26,2017-09-15,0.19468350457563846
CR-12625,Corey Roper,475.9,144.7594,3,14,2016-09-16,0.3041802899768859
MS-17530,MaryBeth Skach,475.65599999999995,84.0268,4,21,2016-10-22,0.17665455707486083
BD-11770,Bryan Davis,470.466,71.3275,3,8,2017-06-02,0.15161031828017327
JS-15940,Joni Sundaresam,469.169,-327.9336,5,37,2016-09-23,-0.6989668967898561
NK-18490,Neil Knudson,462.58799999999997,82.075,5,42,2017-10-21,0.17742570062344895
AS-10630,Ann Steele,460.95200000000006,79.5951,6,25,2017-04-30,0.17267546295492806
ND-18460,Neil Ducich,460.515,76.9076,4,21,2017-05-19,0.16700346351367493
JH-15910,Jonathan Howell,447.78499999999997,-72.5585,3,18,2017-11-19,-0.1620387016090311
TT-21265,Tim Taslimi,439.5,93.9162,3,8,2016-11-19,0.2136887372013652
KM-16660,Khloe Miller,434.63800000000003,82.4451,4,27,2017-12-15,0.18968681983627753
ST-20530,Shui Tom,433.34000000000003,84.4419,7,33,2017-08-27,0.19486292518576637
SF-20065,Sandra Flanagan,426.726,129.57389999999998,6,26,2017-07-16,0.30364660226937185
AF-10885,Art Foster,425.356,95.43739999999998,2,18,2016-10-11,0.22437064482457045
BT-11485,Brad Thomas,415.19599999999997,126.8694,2,11,2016-11-03,0.30556508251524583
SP-20920,Susan Pistek,398.973,8.932400000000005,4,29,2017-10-21,0.022388482428635535
JK-15325,Jason Klamczynski,383.812,55.32769999999999,3,15,2017-03-18,0.14415312705178573
GZ-14545,George Zrebassa,381.36,106.7808,1,7,2017-03-19,0.27999999999999997
KW-16570,Kelly Williams,379.88,96.6794,3,16,2015-11-20,0.2544998420553859
IG-15085,Ivan Gibson,374.43399999999997,176.1436,3,16,2017-10-20,0.47042629675723896
LS-17230,Lycoris Saunders,368.88000000000005,39.1952,3,16,2015-11-14,0.10625460854478419
EC-14050,Erin Creighton,368.39399999999995,69.6968,4,28,2017-07-11,0.1891909205904548
VG-21805,Vivek Grady,362.956,-70.1294,3,7,2017-03-19,-0.1932173596799612
AB-10165,Alan Barnes,359.368,101.0971,4,25,2017-09-15,0.2813191491729926
HJ-14875,Heather Jas,358.1,98.6548,5,21,2017-08-26,0.2754951130969003
LD-17005,Lisa DeCherney,352.61400000000003,111.27059999999999,3,7,2016-11-11,0.3155592234000918
MT-18070,Michelle Tran,343.9048,-96.214,2,18,2015-10-24,-0.2797692849881711
BW-11065,Barry Weirich,339.36400000000003,-70.4015,2,5,2017-01-06,-0.20745129123890568
GM-14680,Greg Matthias,330.588,-115.7058,1,1,2016-01-10,-0.35
MS-17830,Melanie Seite,329.80400000000003,8.513199999999998,3,9,2016-04-10,0.02581290705995075
DW-13540,Don Weiss,327.88800000000003,76.5488,4,19,2017-09-23,0.233460205923974
SS-20590,Sonia Sunley,324.51,122.3829,5,15,2016-10-24,0.37713136729222524
EM-14200,Evan Minnotte,309.812,-0.3113999999999999,2,8,2017-07-25,-0.0010051256891275995
JH-15820,John Huston,299.99,11.7747,5,24,2017-01-27,0.03925030834361145
DM-13525,Don Miller,294.642,32.657799999999995,2,25,2016-05-09,0.11083891637987793
LH-16750,Larry Hughes,287.426,12.627699999999999,3,12,2017-04-25,0.04393374294601045
KN-16450,Kean Nguyen,283.287,115.051,3,19,2017-08-11,0.40612876693953487
SC-20845,Sung Chung,280.632,31.1757,2,13,2017-08-21,0.11109103737278714
SC-20800,Stuart Calhoun,276.88800000000003,50.9964,3,9,2017-06-15,0.18417699575279534
DD-13570,Dorothy Dickinson,269.542,36.4344,6,33,2017-11-19,0.1351715131593592
DB-13360,Dennis Bolton,260.68,114.693,3,19,2016-03-13,0.4399762160503299
CM-12445,Chuck Magee,257.53,53.656400000000005,2,28,2016-10-20,0.20835009513454747
JH-15430,Jennifer Halladay,253.60899999999998,-42.8664,3,22,2017-12-25,-0.16902554720061197
JD-16015,Joy Daniels,252.83,9.5225,5,33,2017-09-09,0.03766364751018471
VM-21835,Vivian Mathis,252.01999999999998,67.4964,4,18,2017-04-09,0.26782160146020156
JM-15580,Jill Matthias,249.048,86.21940000000001,4,21,2017-12-30,0.3461959140406669
SM-20005,Sally Matthias,244.49399999999997,-26.5927,4,26,2016-06-23,-0.10876626829288245
JK-15205,Jamie Kunitz,241.74,-16.4238,2,17,2016-01-10,-0.06793993546785802
DL-12865,Dan Lawera,240.38400000000001,18.2625,5,16,2017-09-21,0.07597219448881788
PL-18925,Paul Lucas,239.481,-0.7527000000000026,5,29,2017-12-15,-0.0031430468387888917
GP-14740,Guy Phonely,236.53,31.837600000000002,2,21,2015-11-26,0.13460279879930664
EM-14065,Erin Mull,228.99,40.15459999999999,4,22,2017-11-13,0.17535525568802124
RB-19645,Robert Barroso,221.084,72.679,5,29,2016-03-22,0.3287393027084728
HH-15010,Hilary Holden,218.668,86.7342,2,20,2017-10-19,0.3966478862933763
LH-17020,Lisa Hazard,210.257,-215.7444,3,31,2017-05-05,-1.0260985365528854
AR-10510,Andrew Roberts,206.544,15.675899999999999,4,24,2017-12-16,0.07589617708575411
AG-10390,Allen Goldenen,200.945,69.2784,5,33,2017-07-09,0.3447629948493369
JJ-15760,Joel Jenkins,195.0,34.449200000000005,2,11,2015-08-12,0.17666256410256412
BT-11680,Brian Thompson,172.12,65.364,4,23,2017-11-20,0.3797583081570997
BD-11560,Brendan Dodson,168.58,80.2436,1,7,2017-03-27,0.4759971526871515
ML-18265,Muhammed Lee,162.232,42.6648,2,7,2017-09-21,0.26298634054933673
AO-10810,Anthony O'Donnell,161.28,12.096,1,2,2016-08-16,0.075
BP-11230,Benjamin Patterson,158.52,58.473,4,9,2017-11-21,0.3688682816048448
MH-17440,Mark Haberlin,158.516,61.428599999999996,3,21,2016-12-19,0.3875230260667693
PT-19090,Pete Takahito,155.392,-12.021799999999999,3,14,2017-10-20,-0.07736434308072487
MO-17950,Michael Oakman,154.288,-82.0074,2,14,2017-03-07,-0.531521570050814
SF-20965,Sylvia Foulston,152.802,16.983299999999996,4,15,2015-09-17,0.11114579652098792
GT-14755,Guy Thornton,147.09199999999998,-20.2098,3,15,2017-11-26,-0.13739564354281678
GH-14665,Greg Hansen,146.94080000000002,-5.810200000000001,2,9,2017-12-28,-0.03954109410048128
NB-18580,Nicole Brennan,129.92,10.3936,1,4,2014-10-22,0.08
HD-14785,Harold Dahlen,129.308,31.0026,2,19,2015-11-22,0.23975778760788197
LT-16765,Larry Tron,128.292,38.8776,2,6,2017-04-12,0.3030399401365635
CS-12490,Cindy Schnelling,125.502,10.8534,2,13,2016-04-18,0.0864798967347134
BO-11425,Bobby Odegard,124.75,57.385,1,5,2017-10-16,0.45999999999999996
EL-13735,Ed Ludwig,124.28,27.1154,2,9,2017-10-14,0.21817991631799163
AG-10300,Aleksandra Gannaway,118.97999999999999,30.5454,3,7,2017-03-09,0.2567271810388301
CC-12550,Clay Cheatham,113.832,33.870599999999996,3,14,2017-06-15,0.29754901960784313
JJ-15445,Jennifer Jackson,107.678,34.9264,4,17,2016-06-16,0.32435966492691176
NF-18475,Neil Französisch,107.182,13.033199999999997,3,11,2016-07-23,0.1215987759138661
RM-19750,Roland Murray,98.35,28.6879,1,4,2017-06-03,0.291691916624301
AR-10570,Anemone Ratner,88.15,32.633,1,6,2016-07-14,0.3701985252410664
CS-12175,Charles Sheldon,87.22,7.906,2,10,2017-06-04,0.09064434762669113
MH-17620,Matt Hagelstein,82.236,14.3076,3,10,2016-09-26,0.1739821975777032
FW-14395,Fred Wasserman,79.75,23.491300000000003,3,9,2017-02-01,0.2945617554858935
BN-11470,Brad Norvell,72.872,11.9324,3,7,2017-06-12,0.16374464815018114
JC-15340,Jasper Cacioppo,71.263,-0.35560000000000036,4,12,2017-07-09,-0.0049899667429100705
DA-13450,Dianna Arnett,69.36,17.0028,2,17,2014-09-26,0.2451384083044983
PB-19210,Phillip Breyer,62.808,21.1977,1,3,2014-11-23,0.3375
AS-10135,Adrian Shami,58.82,21.8496,2,9,2017-11-19,0.37146548792927575
AC-10420,Alyssa Crouse,57.576,21.591,1,3,2016-02-23,0.375
AG-10765,Anthony Garverick,57.484,-64.981,3,17,2017-10-14,-1.1304188991719433
RE-19405,Ricardo Emerson,48.36,6.045,1,5,2014-12-29,0.125
SG-20890,Susan Gilcrest,47.946,-3.7073,3,17,2017-05-18,-0.0773224043715847
CS-11845,Cari Sayre,43.452,-19.8075,3,9,2015-09-17,-0.45584783209058277
SB-20170,Sarah Bern,38.572,-33.3918,1,5,2014-06-06,-0.8657005081406202
BF-11080,Bart Folk,32.67,15.1389,1,9,2017-05-12,0.46338842975206607
EB-14170,Evan Bailliet,27.968,6.361600000000001,3,7,2017-09-10,0.22745995423340964
KS-16300,Karen Seio,26.596,6.4894,2,5,2015-03-15,0.24399909760866295
LB-16735,Larry Blacks,23.468,9.2987,2,7,2017-04-26,0.3962289074484404
RS-19870,Roy Skaria,22.328,9.5838,2,10,2017-11-12,0.4292278753135077
VP-21730,Victor Preis,19.0,8.93,1,5,2015-05-07,0.47
CJ-11875,Carl Jackson,16.52,1.652,1,5,2016-12-30,0.09999999999999999
RH-19555,Ritsa Hightower,8.226,-6.0324,1,3,2015-04-12,-0.7333333333333333
ML-18040,Michelle Lonsdale,6.37,-9.555,1,7,2017-04-06,-1.5
LD-16855,Lela Donovan,5.304,0.4641,1,3,2016-06-26,0.0875
TS-21085,Thais Sissman,2.025,-1.35,1,1,2015-07-19,-0.6666666666666667
