Product ID,Product Name,Sales,Profit,Quantity,Orders,Profit Margin
TEC-MA-10000822,Lexmark MX611dhe Monochrome Laser Printer,16829.901,-4589.973,18,4,-0.2727272727272727
TEC-MA-10004125,Cubify CubeX 3D Printer Triple Head Print,7999.98,-3839.9904,4,1,-0.48000000000000004
FUR-TA-10000198,Chromcraft Bull-Nose Wood Oval Conference Tables & Bases,9587.052,-2732.8608,26,4,-0.2850574712643678
TEC-MA-10000418,Cubify CubeX 3D Printer Double Head Print,6599.978,-2279.9924,4,2,-0.34545454545454546
OFF-BI-10004995,GBC DocuBind P400 Electric Binding System,17965.068,-1878.1662000000003,27,6,-0.10454545454545457
TEC-MA-10002412,Cisco TelePresence System EX90 Videoconferencing Unit,22638.48,-1811.0784,6,1,-0.08
OFF-SU-10002881,Martin Yale Chadless Opener Electric Letter Opener,16656.2,-1299.1836,22,6,-0.078
FUR-TA-10002958,"Bevis Oval Conference Table, Walnut",4593.248,-1255.3138,27,7,-0.27329545454545456
FUR-TA-10001950,Balt Solid Wood Round Tables,6518.754,-1201.0581,19,4,-0.18424657534246575
FUR-TA-10004289,BoxOffice By Design Rectangular and Half-Moon Meeting Room Tables,1706.25,-1148.4375,15,3,-0.6730769230769231
TEC-MA-10002210,Epson TM-T88V Direct Thermal Printer - Monochrome - Desktop,1212.705,-1057.23,10,2,-0.8717948717948719
FUR-BO-10001972,O'Sullivan 4-Shelf Bookcase in Odessa Pine,2740.197,-975.0988,37,7,-0.355849889624724
TEC-MA-10001695,Zebra GK420t Direct Thermal/Thermal Transfer Printer,703.71,-938.28,6,1,-1.3333333333333333
OFF-AP-10002534,3.6 Cubic Foot Counter Height Office Refrigerator,2946.2,-872.0751999999999,18,5,-0.296
FUR-TA-10001889,Bush Advantage Collection Racetrack Conference Table,5854.098,-755.0938,19,4,-0.1289855072463768
FUR-TA-10004256,Bretford “Just In Time” Height-Adjustable Multi-Task Work Tables,4299.22,-747.146,13,3,-0.17378640776699028
FUR-BO-10003272,O'Sullivan Living Dimensions 5-Shelf Bookcases,3243.9864,-733.6536,20,5,-0.22615803814713897
FUR-TA-10002645,Hon Rectangular Conference Tables,1206.0149999999999,-682.65,10,3,-0.5660377358490567
FUR-BO-10004834,"Riverside Palais Royal Lawyers Bookcase, Royale Cherry Finish",15610.9656,-669.5448000000001,24,5,-0.042889390519187366
FUR-CH-10003312,Hon 2090 “Pillow Soft” Series Mid Back Swivel/Tilt Chairs,3821.328,-620.9658,17,4,-0.16249999999999998
FUR-TA-10001768,Hon Racetrack Conference Tables,3963.901,-598.5228,22,6,-0.1509933774834437
FUR-TA-10000849,Bevis Rectangular Conference Tables,1007.262,-586.8396,13,4,-0.582608695652174
TEC-MA-10004679,StarTech.com 10/100 VDSL2 Ethernet Extender Kit,1331.8,-585.992,8,3,-0.44
OFF-ST-10002574,"SAFCO Commercial Wire Shelving, Black",3978.432,-580.188,33,9,-0.14583333333333334
FUR-CH-10002880,"Global High-Back Leather Tilter, Burgundy",4132.464,-574.3633,43,12,-0.13898809523809524
OFF-ST-10004459,Tennsco Single-Tier Lockers,5855.304,-563.01,18,5,-0.09615384615384615
FUR-TA-10003238,"Chromcraft Bull-Nose Wood 48"" x 96"" Rectangular Conference Tables",3911.958,-550.9799999999999,10,5,-0.1408450704225352
FUR-TA-10002533,BPI Conference Tables,1679.5749999999998,-540.385,19,4,-0.32173913043478264
FUR-FU-10001468,Tenex Antistatic Computer Chair Mats,3317.0119999999997,-530.038,25,6,-0.1597938144329897
FUR-TA-10004154,"Riverside Furniture Oval Coffee Table, Oval End Table, End Table with Drawer",2380.855,-527.804,13,4,-0.2216867469879518
FUR-BO-10000780,O'Sullivan Plantations 2-Door Library in Landvery Oak,1668.134,-526.5676,13,3,-0.3156626506024096
FUR-TA-10002041,"Bevis Round Conference Table Top, X-Base",2671.421,-519.941,20,6,-0.1946308724832215
TEC-MA-10001681,Lexmark MarkNet N8150 Wireless Print Server,723.51,-506.457,6,2,-0.7
FUR-CH-10003774,"Global Wood Trimmed Manager's Task Chair, Khaki",4166.884,-503.1194,59,14,-0.12074235807860262
FUR-TA-10002607,KI Conference Tables,2140.878,-479.2164,44,8,-0.223841059602649
FUR-TA-10003715,Hon 2111 Invitation Series Corner Table,1884.33,-477.3636,12,3,-0.25333333333333335
FUR-TA-10002356,Bevis Boat-Shaped Conference Table,1913.403,-477.0402,12,5,-0.2493150684931507
OFF-ST-10002743,SAFCO Boltless Steel Shelving,4704.696,-470.4696,46,10,-0.1
TEC-MA-10002073,"3D Systems Cube Printer, 2nd Generation, White",2339.982,-467.9964,3,2,-0.2
FUR-TA-10002530,"Iceberg OfficeWorks 42"" Round Tables",3004.502,-460.489,27,6,-0.15326633165829145
TEC-MA-10001148,Swingline SM12-08 MicroCut Jam Free Shredder,2359.9410000000003,-447.9888,13,3,-0.18983050847457625
FUR-CH-10000863,Novimex Swivel Fabric Task Chair,2913.9139999999998,-445.391,25,8,-0.1528497409326425
TEC-MA-10001148,Okidata MB491 Multifunction Printer,2844.2999999999997,-434.13,9,2,-0.15263157894736842
OFF-SU-10000646,Premier Automatic Letter Opener,2836.366,-427.8586,14,5,-0.15084745762711865
FUR-CH-10002024,HON 5400 Series Task Chairs for Big and Tall,18085.284,-420.58799999999997,33,7,-0.023255813953488372
FUR-TA-10004442,Riverside Furniture Stanwyck Manor Table Series,917.9200000000001,-415.9325,5,3,-0.45312499999999994
FUR-TA-10001932,"Chromcraft 48"" x 96"" Racetrack Double Pedestal Table",5098.176,-404.00640000000004,22,6,-0.07924528301886792
TEC-PH-10002645,LG G2,1499.97,-374.9925,5,1,-0.25
OFF-BI-10000778,GBC VeloBinder Electric Binding Machine,423.43,-362.94,13,3,-0.8571428571428571
FUR-TA-10003473,Bretford Rectangular Conference Table Tops,12092.5795,-361.0848,43,11,-0.029860031104199065
FUR-TA-10003469,Balt Split Level Computer Training Table,1040.625,-357.97499999999997,12,5,-0.344
FUR-TA-10001539,Chromcraft Rectangular Conference Tables,2891.0339999999997,-350.7156,18,7,-0.12131147540983608
FUR-TA-10003008,"Lesro Round Back Collection Coffee Table, End Table",2847.7799999999997,-328.59,20,8,-0.11538461538461539
FUR-FU-10003601,"Deflect-o RollaMat Studded, Beveled Mat for Medium Pile Carpeting",959.192,-326.4942,17,4,-0.34038461538461534
TEC-MA-10000904,"Brother MFC-9340CDW LED All-In-One Printer, Copier Scanner",341.991,-319.1916,3,1,-0.9333333333333333
FUR-BO-10004357,O'Sullivan Living Dimensions 3-Shelf Bookcases,1497.301,-311.519,10,3,-0.2080536912751678
FUR-CH-10003298,"Office Star - Contemporary Task Swivel chair with Loop Arms, Charcoal",2789.874,-309.1128,26,7,-0.1107981220657277
FUR-FU-10002918,Eldon ClusterMat Chair Mat with Cordless Antistatic Protection,746.0360000000001,-306.6026,13,3,-0.41097560975609754
FUR-BO-10003965,O'Sullivan Manor Hill 2-Door Library in Brianna Oak,1646.9180000000001,-285.9484,12,4,-0.17362637362637362
TEC-MA-10001856,Okidata C610n Printer,649.0,-272.58,2,1,-0.42
OFF-SU-10000151,High Speed Automatic Electric Letter Opener,17030.311999999998,-262.00480000000005,11,3,-0.015384615384615389
TEC-MA-10003353,Xerox WorkCentre 6505DN Laser Multifunction Printer,2519.958,-251.9958,7,1,-0.09999999999999999
TEC-MA-10003337,Okidata B401 Printer,179.991,-251.9874,3,1,-1.4
FUR-BO-10002268,Sauder Barrister Bookcases,145.764,-247.7988,6,1,-1.7
FUR-CH-10004860,Global Low Back Tilter Chair,1746.9540000000002,-246.3912,21,8,-0.14104046242774565
FUR-BO-10002613,"Atlantic Metals Mobile 4-Shelf Bookcases, Custom Colors",4284.945,-238.83300000000003,23,5,-0.055737704918032795
FUR-CH-10001973,Office Star Flex Back Scooter Chair with White Frame,1775.68,-228.61880000000002,21,7,-0.12875
FUR-FU-10002298,"Rubbermaid ClusterMat Chairmats, Mat Size- 66"" x 60"", Lip 20"" x 11"" -90 Degree Angle",1731.288,-226.39919999999998,21,4,-0.13076923076923075
OFF-AP-10004233,Honeywell Enviracaire Portable Air Cleaner for up to 8 x 10 Room,92.064,-225.5568,6,1,-2.45
FUR-FU-10002116,"Tenex Carpeted, Granite-Look or Clear Contemporary Contour Shape Chair Mats",763.6679999999999,-222.73649999999998,15,5,-0.2916666666666667
FUR-TA-10004575,Hon 5100 Series Wood Tables,5266.738,-221.14480000000003,23,6,-0.041988950276243095
FUR-CH-10003396,Global Deluxe Steno Chair,1770.54,-216.31380000000001,29,10,-0.12217391304347827
FUR-BO-10004218,"Bush Heritage Pine Collection 5-Shelf Bookcase, Albany Pine Finish, *Special Order",3506.1726,-215.6994,33,7,-0.061519903498190594
TEC-PH-10000038,Jawbone MINI JAMBOX Wireless Bluetooth Speaker,1369.8000000000002,-208.2096,12,3,-0.15199999999999997
FUR-TA-10001039,KI Adjustable-Height Table,2089.314,-201.1932,36,8,-0.0962962962962963
OFF-ST-10004123,Safco Industrial Wire Shelving System,2438.264,-200.156,29,7,-0.08208955223880597
OFF-AP-10000390,Euro Pro Shark Stick Mini Vacuum,73.176,-197.5752,6,1,-2.6999999999999997
FUR-TA-10002903,"Bevis Round Bullnose 29"" High Table Top",4544.925,-192.18540000000002,24,5,-0.04228571428571429
FUR-BO-10003546,Hon 4-Shelf Metal Bookcases,1474.308,-191.86200000000002,22,4,-0.13013698630136988
FUR-BO-10001567,"Bush Westfield Collection Bookcases, Dark Cherry Finish, Fully Assembled",90.882,-190.8522,3,1,-2.1
OFF-AP-10002439,Tripp Lite Isotel 8 Ultra 8 Outlet Metal Surge,184.522,-183.1026,7,2,-0.9923076923076923
OFF-ST-10001809,Fellowes Officeware Wire Shelving,3521.336,-176.0668,42,9,-0.05
TEC-MA-10004521,Epson Perfection V600 Photo Scanner,206.991,-172.4925,3,1,-0.8333333333333333
TEC-MA-10003589,Cisco 8961 IP Phone Charcoal,224.937,-164.9538,3,1,-0.7333333333333333
FUR-TA-10004534,Bevis 44 x 96 Conference Tables,3253.2200000000003,-164.72000000000003,20,5,-0.05063291139240507
FUR-TA-10002774,Laminate Occasional Tables,863.128,-160.2952,8,1,-0.1857142857142857
FUR-CH-10002044,"Office Star - Contemporary Task Swivel chair with 2-way adjustable arms, Plum",694.194,-158.48579999999998,7,2,-0.2283018867924528
FUR-FU-10003773,Eldon Cleatmat Plus Chair Mats for High Pile Carpets,906.528,-155.06400000000002,15,4,-0.1710526315789474
FUR-TA-10002228,"Bevis Traditional Conference Table Top, Plinth Base",400.032,-153.3456,2,1,-0.3833333333333333
FUR-TA-10000577,Bretford CR4500 Series Slim Rectangular Table,6285.1905,-149.7303,24,7,-0.023822714681440444
FUR-TA-10001676,Hon 61000 Series Interactive Training Tables,653.121,-148.3962,22,9,-0.22721088435374148
FUR-TA-10002622,"Bush Andora Conference Table, Maple/Graphite Gray Finish",1436.232,-143.6232,12,4,-0.1
OFF-ST-10001522,"Gould Plastics 18-Pocket Panel Bin, 34w x 5-1/4d x 20-1/2h",2152.566,-143.5044,26,9,-0.06666666666666668
OFF-ST-10004804,"Belkin 19"" Vented Equipment Shelf, Black",1132.56,-141.57,25,7,-0.125
OFF-BI-10004224,Catalog Binders with Expanding Posts,968.832,-141.288,30,7,-0.14583333333333334
FUR-BO-10000468,O'Sullivan 2-Shelf Heavy-Duty Bookcases,675.262,-140.88199999999998,20,5,-0.20863309352517984
OFF-AP-10001947,Acco 6 Outlet Guardian Premium Plus Surge Suppressor,197.856,-140.3312,26,5,-0.7092592592592593
OFF-BI-10002429,"Premier Elliptical Ring Binder, Black",435.29200000000003,-134.54479999999998,36,7,-0.309090909090909
FUR-CH-10003956,Novimex High-Tech Fabric Mesh Task Chair,922.74,-133.4424,16,4,-0.14461538461538462
FUR-CH-10001482,Office Star - Mesh Screen back chair with Vinyl seat,2082.582,-132.2898,19,6,-0.06352201257861637
OFF-AP-10001564,Hoover Commercial Lightweight Upright Vacuum with E-Z Empty Dirt Cup,558.192,-130.2448,4,2,-0.23333333333333334
FUR-FU-10000193,Tenex Chairmats For Use with Hard Floors,467.712,-129.92,20,6,-0.27777777777777773
TEC-PH-10002200,Samsung Galaxy Note 2,4507.902,-128.79719999999998,14,2,-0.028571428571428567
OFF-ST-10003656,Safco Industrial Wire Shelving,1363.058,-126.7068,16,5,-0.09295774647887324
FUR-BO-10004690,O'Sullivan Cherrywood Estates Traditional Barrister Bookcase,384.944,-126.4816,4,1,-0.32857142857142857
FUR-BO-10001601,"Sauder Mission Library with Doors, Fruitwood Finish",935.1972,-125.74080000000001,10,3,-0.13445378151260506
FUR-CH-10000513,High-Back Leather Manager's Chair,3548.727,-118.29090000000002,31,7,-0.03333333333333334
FUR-BO-10000112,"Bush Birmingham Collection Bookcase, Dark Cherry",825.174,-117.882,9,1,-0.14285714285714288
FUR-BO-10002202,"Atlantic Metals Mobile 2-Shelf Bookcases, Custom Colors",400.0268,-113.2606,3,2,-0.28313253012048195
FUR-TA-10001857,Balt Solid Wood Rectangular Table,654.038,-105.49000000000001,8,3,-0.16129032258064518
OFF-ST-10002790,Safco Industrial Shelving,827.12,-104.1285,13,5,-0.12589285714285714
FUR-BO-10003893,Sauder Camden County Collection Library,1368.2620000000002,-103.482,16,2,-0.07563025210084033
OFF-BI-10001098,Acco D-Ring Binder w/DublLock,235.18,-102.8378,31,9,-0.43727272727272726
OFF-BI-10000474,Avery Recycled Flexi-View Covers for Binding Systems,133.049,-100.3478,28,6,-0.7542168674698795
FUR-TA-10004607,Hon 2111 Invitation Series Straight Table,1936.573,-99.0461,17,6,-0.051145038167938923
FUR-CH-10000229,Global Enterprise Series Seating High-Back Swivel/Tilt Chairs,650.352,-97.5528,3,1,-0.15000000000000002
FUR-BO-10003450,"Bush Westfield Collection Bookcases, Dark Cherry Finish",649.376,-97.4064,14,3,-0.15000000000000002
OFF-AP-10002684,"Acco 7-Outlet Masterpiece Power Center, Wihtout Fax/Phone Line Protection",924.008,-97.26400000000001,12,4,-0.10526315789473685
FUR-CH-10000225,"Global Geo Office Task Chair, Gray",1287.582,-97.17600000000002,18,4,-0.07547169811320756
OFF-ST-10002344,"Carina 42""Hx23 3/4""W Media Storage Unit",1571.012,-95.5564,21,7,-0.060824742268041236
FUR-TA-10004175,"Hon 30"" x 60"" Table with Locking Drawer",886.7560000000001,-95.4968,4,2,-0.10769230769230767
OFF-ST-10002554,Tennsco Industrial Shelving,1007.546,-94.8854,23,7,-0.0941747572815534
FUR-TA-10001095,Chromcraft Round Conference Tables,7755.905,-92.37369999999999,57,11,-0.01191011235955056
FUR-CH-10001190,Global Deluxe High-Back Office Chair in Storm,652.752,-89.7534,6,2,-0.1375
OFF-AP-10000055,Belkin F9S820V06 8 Outlet Surge,253.344,-87.696,15,3,-0.34615384615384615
FUR-FU-10004904,"Eldon ""L"" Workstation Diamond Chairmat",850.976,-85.0976,14,3,-0.1
OFF-ST-10001511,Space Solutions Commercial Steel Shelving,1758.48,-84.04499999999999,30,6,-0.04779411764705881
FUR-BO-10004467,Bestar Classic Bookcase,644.9355,-83.9916,9,3,-0.13023255813953488
FUR-FU-10000576,Luxo Professional Fluorescent Magnifier Lamp with Clamp-Mount Base,1468.88,-83.93600000000004,10,2,-0.05714285714285716
TEC-PH-10003555,Motorola HK250 Universal Bluetooth Headset,795.454,-83.2238,39,8,-0.1046242774566474
OFF-BI-10001575,GBC Linen Binding Covers,207.566,-82.4068,18,6,-0.3970149253731343
FUR-BO-10003433,Sauder Cornerstone Collection Library,322.192,-81.16760000000001,14,3,-0.2519230769230769
FUR-BO-10003159,"Sauder Camden County Collection Libraries, Planked Cherry Finish",1909.8178,-78.18639999999999,19,7,-0.04093919325707405
OFF-AP-10002867,Fellowes Command Center 5-outlet power strip,664.832,-78.016,15,4,-0.11734693877551021
OFF-SU-10000157,Compact Automatic Electric Letter Opener,2028.27,-76.3584,18,5,-0.037647058823529415
OFF-BI-10004632,Ibico Hi-Tech Manual Binding System,5123.832,-76.2475,31,10,-0.01488095238095238
TEC-MA-10002694,Hewlett-Packard Deskjet F4180 All-in-One Color Ink-jet - Printer / copier / scanner,101.994,-71.3958,2,1,-0.7
FUR-BO-10004360,Rush Hierlooms Collection Rich Wood Bookcases,489.37919999999997,-70.8312,4,2,-0.14473684210526316
FUR-BO-10002213,"Sauder Forest Hills Library, Woodland Oak Finish",1875.034,-70.49,15,4,-0.03759398496240601
FUR-BO-10001608,"Hon Metal Bookcases, Black",888.6696,-69.5604,18,4,-0.07827476038338659
OFF-ST-10001418,Carina Media Storage Towers in Natural & Black,829.328,-67.078,15,4,-0.08088235294117647
OFF-AP-10004980,3M Replacement Filter for Office Air Cleaner for 20' x 33' Room,189.6,-64.8432,11,3,-0.34199999999999997
OFF-BI-10004330,"GBC Velobind Prepunched Cover Sets, Regency Series",484.438,-64.71499999999999,27,5,-0.13358778625954196
OFF-BI-10003166,GBC Plasticlear Binding Covers,61.992,-63.3696,21,6,-1.0222222222222221
OFF-BI-10002931,"Avery Trapezoid Extra Heavy Duty 4"" Binders",146.79,-62.91,10,3,-0.42857142857142855
FUR-BO-10001798,Bush Somerset Collection Bookcase,707.2919999999999,-62.8704,7,3,-0.08888888888888889
TEC-PH-10003580,Cisco IP Phone 7961G-GE VoIP phone,1992.536,-62.8082,13,3,-0.03152173913043478
FUR-TA-10001520,"Lesro Sheffield Collection Coffee Table, End Table, Center Table, Corner Table",1655.784,-62.0919,29,7,-0.0375
TEC-AC-10002076,Microsoft Natural Keyboard Elite,958.08,-59.88,20,3,-0.0625
TEC-PH-10003800,i.Sound Portable Power - 8000 mAh,307.34200000000004,-59.878699999999995,7,4,-0.1948275862068965
TEC-AC-10004855,V7 USB Numeric Keypad,461.868,-58.7832,16,4,-0.1272727272727273
OFF-ST-10000934,"Contico 72""H Heavy-Duty Storage System",516.348,-57.372,14,4,-0.11111111111111112
OFF-ST-10000676,Fellowes Econo/Stor Drawers,581.58,-56.2194,7,2,-0.09666666666666666
FUR-FU-10000723,"Deflect-o EconoMat Studded, No Bevel Mat for Low Pile Carpeting",884.248,-55.782000000000004,25,7,-0.06308411214953272
TEC-MA-10002178,Cisco CP-7937G Unified IP Conference Station Phone,1391.4,-55.656,4,2,-0.039999999999999994
OFF-ST-10002756,"Tennsco Stur-D-Stor Boltless Shelving, 5 Shelves, 24"" Deep, Sand",2625.014,-54.12400000000001,20,5,-0.02061855670103093
FUR-TA-10003954,Hon 94000 Series Round Tables,4798.116,-53.3124,18,3,-0.01111111111111111
OFF-ST-10003479,"Eldon Base for stackable storage shelf, platinum",872.256,-52.569,25,7,-0.06026785714285715
FUR-CH-10001146,"Global Task Chair, Black",356.23,-51.3989,9,4,-0.14428571428571427
OFF-ST-10001713,"Gould Plastics 9-Pocket Panel Bin, 18-3/8w x 5-1/4d x 20-1/2h, Black",763.056,-50.8704,16,4,-0.06666666666666665
TEC-PH-10000127,iOttie XL Car Mount,223.88799999999998,-50.3748,14,2,-0.22500000000000003
FUR-FU-10004622,Eldon Advantage Foldable Chair Mats for Low Pile Carpets,379.4,-48.78,10,3,-0.1285714285714286
FUR-CH-10001714,"Global Leather & Oak Executive Chair, Burgundy",1478.7220000000002,-48.2848,11,4,-0.03265306122448979
OFF-ST-10003994,"Belkin 19"" Center-Weighted Shelf, Gray",849.3119999999999,-47.184,16,4,-0.05555555555555556
OFF-BI-10004584,GBC ProClick 150 Presentation Binding System,2970.212,-44.23720000000003,18,4,-0.014893617021276605
OFF-BI-10000773,Insertable Tab Post Binder Dividers,53.733999999999995,-44.0298,23,7,-0.8194029850746269
TEC-PH-10002680,Samsung Galaxy Note 3,1495.932,-43.998000000000005,10,2,-0.029411764705882356
FUR-FU-10004597,Eldon Cleatmat Chair Mats for Medium Pile Carpets,344.1,-42.18000000000001,8,4,-0.12258064516129033
OFF-ST-10000736,Carina Double Wide Media Storage Towers in Natural & Black,2056.892,-42.1096,27,10,-0.020472440944881893
FUR-CH-10002372,Office Star - Ergonomically Designed Knee Chair,1311.876,-42.1096,19,7,-0.03209876543209877
FUR-BO-10003034,"O'Sullivan Elevations Bookcase, Cherry Finish",1388.388,-41.913599999999995,13,4,-0.030188679245283016
FUR-BO-10001918,"Sauder Forest Hills Library with Doors, Woodland Oak Finish",531.2339999999999,-41.8548,4,2,-0.0787878787878788
OFF-ST-10001128,"Carina Mini System Audio Rack, Model AR050B",2219.6000000000004,-41.062599999999996,21,4,-0.018499999999999996
OFF-ST-10002301,Tennsco Commercial Shelving,341.712,-40.8834,19,8,-0.11964285714285715
FUR-FU-10003394,"Tenex ""The Solids"" Textured Chair Mats",1469.1599999999999,-40.57679999999999,26,7,-0.027619047619047616
FUR-FU-10003247,36X48 HARDFLOOR CHAIRMAT,369.24800000000005,-40.4914,21,6,-0.10965909090909089
TEC-PH-10004897,Mediabridge Sport Armband iPhone 5s,157.84199999999998,-39.96,20,5,-0.25316455696202533
FUR-TA-10001866,Bevis Round Conference Room Tables and Bases,519.941,-39.4438,4,2,-0.07586206896551724
TEC-AC-10004227,SanDisk Ultra 16 GB MicroSDHC Class 10 Memory Card,267.594,-37.671,25,6,-0.1407766990291262
OFF-AP-10004136,Kensington 6 Outlet SmartSocket Surge Protector,147.528,-36.882000000000005,6,2,-0.25000000000000006
FUR-CH-10002126,Hon Deluxe Fabric Upholstered Stacking Chairs,2073.83,-34.1572,12,3,-0.01647058823529412
OFF-ST-10002182,"Iris 3-Drawer Stacking Bin, Black",150.408,-33.8418,9,1,-0.225
OFF-BI-10002854,"Performers Binder/Pad Holder, Black",330.754,-33.636,26,6,-0.1016949152542373
FUR-CH-10003968,Novimex Turbo Task Chair,1341.5220000000002,-32.6508,22,6,-0.024338624338624333
OFF-BI-10003719,Large Capacity Hanging Post Binders,237.025,-32.435,20,4,-0.1368421052631579
TEC-PH-10003187,Anker Astro Mini 3000mAh Ultra-Compact Portable Charger,147.926,-31.984,9,4,-0.21621621621621626
TEC-PH-10000562,Samsung Convoy 3,688.138,-31.077199999999998,9,2,-0.04516129032258064
TEC-PH-10004833,Macally Suction Cup Mount,279.63,-31.07,26,4,-0.11111111111111112
FUR-BO-10001337,O'Sullivan Living Dimensions 2-Shelf Bookcases,2147.395,-30.244999999999997,20,8,-0.01408450704225352
OFF-ST-10001963,Tennsco Regal Shelving Units,1054.664,-27.380699999999997,11,2,-0.02596153846153846
OFF-BI-10003676,"GBC Standard Recycled Report Covers, Clear Plastic Sheets",258.72,-27.1656,51,12,-0.105
OFF-ST-10002485,Rogers Deluxe File Chest,386.848,-26.5958,19,6,-0.06875
OFF-ST-10000642,"Tennsco Lockers, Gray",402.816,-26.434800000000003,22,6,-0.06562500000000002
FUR-FU-10003919,Eldon Executive Woodline II Cherry Finish Desk Accessories,32.712,-26.1696,2,1,-0.7999999999999999
OFF-ST-10001370,Sensible Storage WireTech Storage Systems,1121.484,-24.843,17,5,-0.022151898734177215
TEC-AC-10002942,WD My Passport Ultra 1TB Portable External Hard Drive,662.4,-24.84,12,5,-0.0375
OFF-BI-10004817,GBC Personal VeloBind Strips,118.602,-24.6788,23,5,-0.20808080808080806
OFF-ST-10004337,"SAFCO Commercial Wire Shelving, 72h",1139.064,-24.496,19,4,-0.02150537634408602
TEC-PH-10004188,OtterBox Commuter Series Case - Samsung Galaxy S4,244.90200000000002,-24.490199999999998,11,3,-0.09999999999999999
TEC-PH-10001448,Anker Astro 15000mAh USB Portable Charger,599.88,-23.995199999999997,13,5,-0.039999999999999994
OFF-BI-10004099,GBC VeloBinder Strips,52.992,-23.808,20,4,-0.4492753623188406
OFF-AP-10002403,Acco Smartsocket Color-Coded Six-Outlet AC Adapter Model Surge Protectors,237.654,-22.885199999999998,8,3,-0.09629629629629628
TEC-MA-10003356,Panasonic KX MC6040 Color Laser Multifunction Printer,1619.82,-22.497500000000002,5,2,-0.013888888888888892
TEC-PH-10002844,Speck Products Candyshell Flip Case,132.962,-22.3936,6,3,-0.16842105263157894
OFF-ST-10003641,Space Solutions Industrial Galvanized Steel Shelving.,441.28,-22.064,6,2,-0.05
OFF-SU-10003567,Stiletto Hand Letter Openers,136.32,-21.983999999999998,17,4,-0.16126760563380282
TEC-MA-10004086,Plantronics Single Ear Headset,29.925,-21.945,5,1,-0.7333333333333333
TEC-PH-10004080,Avaya 5410 Digital phone,516.7239999999999,-21.756800000000002,11,3,-0.04210526315789474
TEC-PH-10003092,Motorola L804,533.484,-21.615300000000005,17,5,-0.04051724137931035
OFF-AP-10002578,"Fellowes Premier Superior Surge Suppressor, 10-Outlet, With Phone and Remote",195.68,-21.524799999999995,6,3,-0.10999999999999997
FUR-CH-10003535,"Global Armless Task Chair, Royal Blue",1396.442,-20.733200000000004,28,8,-0.014847161572052405
TEC-MA-10000752,Texas Instrument TI-15 Fraction Calculator,41.905,-20.519,8,2,-0.489655172413793
OFF-BI-10003708,"Acco Four Pocket Poly Ring Binder with Label Holder, Smoke, 1""",32.78,-20.4875,13,3,-0.625
FUR-TA-10004152,"Barricks 18"" x 48"" Non-Folding Utility Table with Bottom Storage Shelf",352.8,-20.16,5,3,-0.05714285714285714
OFF-BI-10003196,Accohide Poly Flexible Ring Binders,43.758,-19.822000000000003,34,8,-0.45299145299145305
TEC-MA-10003230,Okidata C610n Printer,1362.9,-19.47,3,1,-0.014285714285714284
OFF-ST-10000563,Fellowes Bankers Box Stor/Drawer Steel Plus,959.4,-19.188000000000002,34,8,-0.020000000000000004
OFF-BI-10004781,GBC Wire Binding Strips,212.65800000000002,-18.409200000000002,14,5,-0.08656716417910448
FUR-CH-10003833,Novimex Fabric Task Chair,914.7,-18.294,18,5,-0.02
TEC-AC-10002550,"Memorex 25GB 6X Branded Blu-Ray Recordable Disc, 30/Pack",338.66999999999996,-17.892000000000003,12,2,-0.0528301886792453
FUR-TA-10003837,Anderson Hickey Conga Table Tops & Accessories,51.782,-17.514499999999998,5,2,-0.338235294117647
OFF-BI-10001982,Wilson Jones Custom Binder Spines & Labels,38.08,-17.408,20,6,-0.4571428571428572
FUR-TA-10004086,KI Adjustable-Height Table,988.77,-17.195999999999998,15,4,-0.017391304347826084
FUR-FU-10000293,Eldon Antistatic Chair Mats for Low to Medium Pile Carpets,379.044,-16.846400000000003,4,2,-0.04444444444444445
FUR-FU-10002553,"Electrix Incandescent Magnifying Lamp, Black",117.28,-16.4925,5,2,-0.140625
OFF-BI-10002813,Avery Reinforcements for Hole-Punch Pages,28.512,-16.137,41,8,-0.5659722222222222
OFF-BI-10004465,Avery Durable Slant Ring Binders,39.6,-15.84,14,4,-0.39999999999999997
OFF-BI-10002827,Avery Durable Poly Binders,82.95,-15.5946,33,6,-0.188
TEC-PH-10000169,ARKON Windshield Dashboard Air Vent Car Mount Holder,216.95999999999998,-15.594000000000001,14,4,-0.07187500000000001
TEC-PH-10004522,Dexim XPower Skin Super-Thin Power Case for iPhone 5 - Black,467.92,-14.622499999999995,11,3,-0.03124999999999999
OFF-BI-10003694,"Avery 3 1/2"" Diskette Storage Pages, 10/Pack",137.808,-14.4072,27,6,-0.10454545454545455
OFF-BI-10001153,Ibico Recycled Grain-Textured Covers,107.074,-13.816000000000003,7,3,-0.12903225806451615
FUR-BO-10003966,"Sauder Facets Collection Library, Sky Alder Finish",991.684,-13.678399999999996,7,3,-0.013793103448275858
TEC-PH-10002549,Polycom SoundPoint IP 450 VoIP phone,3162.04,-13.551600000000008,19,5,-0.0042857142857142885
OFF-BI-10004140,Avery Non-Stick Binders,75.432,-13.47,36,13,-0.17857142857142858
FUR-FU-10001546,Dana Swing-Arm Lamps,74.76,-13.350000000000001,11,5,-0.17857142857142858
OFF-BI-10000285,XtraLife ClearVue Slant-D Ring Binders by Cardinal,72.912,-13.328,22,5,-0.18279569892473116
TEC-AC-10002217,Imation Clip USB flash drive - 8 GB,199.28,-12.784,12,5,-0.06415094339622641
FUR-BO-10002206,"Bush Saratoga Collection 5-Shelf Bookcase, Hanover Cherry, *Special Order",119.833,-12.6882,1,1,-0.10588235294117647
OFF-AP-10004868,Hoover Commercial Soft Guard Upright Vacuum And Disposable Filtration Bags,83.916,-12.5097,17,3,-0.14907407407407408
OFF-BI-10002194,Cardinal Hold-It CD Pocket,38.304,-12.4488,12,4,-0.325
OFF-BI-10001679,GBC Instant Index System for Binding Systems,71.928,-12.432,19,5,-0.17283950617283952
OFF-BI-10000632,Satellite Sectional Post Binders,386.349,-12.154799999999994,17,8,-0.03146067415730336
TEC-AC-10001314,Case Logic 2.4GHz Wireless Keyboard,1229.754,-11.997600000000006,27,8,-0.009756097560975615
TEC-PH-10002583,iOttie HLCRIO102 Car Mount,215.892,-11.994,12,5,-0.05555555555555555
TEC-PH-10004774,Gear Head AU3700S Headset,189.654,-11.9508,16,3,-0.06301369863013698
OFF-BI-10004001,GBC Recycled VeloBinder Covers,218.112,-11.927999999999994,25,5,-0.05468749999999997
OFF-BI-10002954,Newell 3-Hole Punched Plastic Slotted Magazine Holders for Binders,11.882,-11.882,10,3,-1.0
TEC-PH-10000141,Clearsounds A400,329.95,-11.878200000000001,7,2,-0.036000000000000004
TEC-AC-10004396,Logitech Keyboard K120,101.64,-11.4345,7,2,-0.1125
TEC-PH-10000148,Cyber Acoustics AC-202b Speech Recognition Stereo Headset,103.91999999999999,-10.6518,9,4,-0.10250000000000001
TEC-PH-10001527,Plantronics MX500i Earset,489.63,-10.308,12,6,-0.021052631578947368
OFF-BI-10001757,Pressboard Hanging Data Binders for Unburst Sheets,112.66799999999999,-10.135200000000001,48,10,-0.08995633187772928
TEC-PH-10000307,Shocksock Galaxy S4 Armband,63.510000000000005,-10.074,7,3,-0.1586206896551724
FUR-BO-10004409,"Safco Value Mate Series Steel Bookcases, Baked Enamel Finish on Steel, Gray",858.858,-9.93719999999999,17,6,-0.011570247933884286
OFF-BI-10002071,Fellowes Black Plastic Comb Bindings,75.53,-9.1798,27,7,-0.12153846153846154
OFF-BI-10000343,"Pressboard Covers with Storage Hooks, 9 1/2"" x 11"", Light Blue",100.655,-8.6416,42,11,-0.08585365853658537
OFF-BI-10001525,"Acco Pressboard Covers with Storage Hooks, 14 7/8"" x 11"", Executive Red",33.528,-8.382000000000001,20,4,-0.25000000000000006
OFF-AP-10003278,Belkin 7-Outlet SurgeMaster Home Series,64.262,-8.102599999999999,7,4,-0.12608695652173912
OFF-ST-10001469,Fellowes Bankers Box Recycled Super Stor/Drawer,1058.008,-7.557200000000002,21,6,-0.007142857142857144
OFF-BI-10002799,"SlimView Poly Binder, 3/8""",76.664,-7.2520000000000024,30,5,-0.09459459459459463
OFF-BI-10001658,GBC Standard Therm-A-Bind Covers,289.072,-6.977599999999995,22,8,-0.02413793103448274
OFF-ST-10000321,Akro Stacking Bins,91.524,-6.9432,13,6,-0.07586206896551724
OFF-ST-10002486,Eldon Shelf Savers Cubes and Bins,205.212,-6.8404,31,6,-0.03333333333333333
OFF-SU-10001225,Staple remover,72.864,-6.4768,22,7,-0.08888888888888888
OFF-ST-10000419,"Rogers Jumbo File, Granite",168.392,-6.3826,13,4,-0.03790322580645161
OFF-ST-10002957,Sterilite Show Offs Storage Containers,78.144,-6.336,16,5,-0.08108108108108109
OFF-BI-10000848,Angle-D Ring Binders,26.256,-6.235799999999999,11,5,-0.23749999999999996
OFF-BI-10002571,"Avery Framed View Binder, EZD Ring (Locking), Navy, 1 1/2""",83.83200000000001,-6.087799999999998,17,5,-0.07261904761904758
FUR-FU-10003489,Contemporary Borderless Frame,10.332,-5.9409,3,1,-0.575
OFF-BI-10000309,"GBC Twin Loop Wire Binding Elements, 9/16"" Spine, Black",211.558,-5.783600000000002,28,7,-0.027338129496402887
OFF-BI-10000494,Acco Economy Flexible Poly Round Ring Binder,11.484,-5.742,6,4,-0.5
OFF-BI-10002609,Avery Hidden Tab Dividers for Binding Systems,13.708,-5.6024,12,4,-0.40869565217391307
OFF-ST-10002583,Fellowes Neat Ideas Storage Cubes,337.792,-5.1968,11,5,-0.015384615384615385
OFF-BI-10004022,Acco Suede Grain Vinyl Round Ring Binder,29.468,-5.0596,23,6,-0.17169811320754716
OFF-ST-10004963,Eldon Gobal File Keepers,242.24,-4.8448,17,5,-0.02
OFF-ST-10000636,Rogers Profile Extra Capacity Storage Tub,284.58,-4.6872,18,5,-0.01647058823529412
OFF-BI-10002414,GBC ProClick Spines for 32-Hole Punch,55.132,-4.6361,9,4,-0.08409090909090909
OFF-AP-10002203,Eureka Disposable Bags for Sanitaire Vibra Groomer I Upright Vac,1.624,-4.466,2,1,-2.75
OFF-BI-10004364,Storex Dura Pro Binders,74.25,-4.158000000000001,24,8,-0.056000000000000015
OFF-SU-10002301,Serrated Blade or Curved Handle Hand Letter Openers,23.864,-4.1133999999999995,9,2,-0.17236842105263156
FUR-FU-10001025,"Eldon Imàge Series Desk Accessories, Clear",29.159999999999997,-4.0824,12,2,-0.14
OFF-BI-10001116,"Wilson Jones 1"" Hanging DublLock Ring Binders",111.408,-3.9071999999999996,42,9,-0.03507109004739336
OFF-SU-10001935,Staple remover,29.648000000000003,-3.8368,16,6,-0.12941176470588234
OFF-BI-10001308,GBC Standard Plastic Binding Systems' Combs,86.036,-3.7680000000000007,26,6,-0.04379562043795621
OFF-FA-10000254,Sterling Rubber Bands by Alliance,19.782,-3.768,5,2,-0.19047619047619047
OFF-AP-10000124,Acco 6 Outlet Guardian Basic Surge Suppressor,38.272,-3.6608,7,2,-0.09565217391304348
OFF-SU-10000432,Acco Side-Punched Conventional Columnar Pads,19.432000000000002,-3.6435,7,2,-0.18749999999999997
OFF-SU-10002189,Acme Rosewood Handle Letter Opener,43.67,-3.4936000000000003,12,3,-0.08
OFF-SU-10004498,Martin-Yale Premier Letter Opener,133.952,-3.4776,11,5,-0.02596153846153846
OFF-FA-10004395,Plymouth Boxed Rubber Bands by Plymouth,28.259999999999998,-3.0615,7,2,-0.10833333333333335
TEC-PH-10001870,Lunatik TT5L-002 Taktik Strike Impact Protection System for iPhone 5,134.70600000000002,-3.0614999999999997,3,2,-0.02272727272727272
TEC-AC-10003027,Imation 8GB Mini TravelDrive USB 2.0 Flash Drive,259.634,-3.019,10,2,-0.011627906976744186
OFF-ST-10000352,Acco Perma 2700 Stacking Storage Drawers,148.70000000000002,-2.974,6,3,-0.02
OFF-BI-10000831,Storex Flexible Poly Binders with Double Pockets,3.168,-2.5344,4,1,-0.8
OFF-AP-10001634,Hoover Commercial Lightweight Upright Vacuum,18.096,-2.5056000000000003,8,2,-0.13846153846153847
OFF-BI-10002133,"Wilson Jones Elliptical Ring 3 1/2"" Capacity Binders, 800 sheets",761.8399999999999,-2.1399999999999864,35,6,-0.0028089887640449264
TEC-PH-10004875,PNY Rapid USB Car Charger - Black,9.588,-2.0774,2,1,-0.21666666666666667
TEC-AC-10000199,Kingston Digital DataTraveler 8GB USB 2.0,44.03,-2.0229999999999997,9,3,-0.045945945945945935
TEC-MA-10003493,Penpower WorldCard Pro Card Scanner,91.475,-1.8295,1,1,-0.02
FUR-FU-10002030,"Executive Impressions 14"" Contract Wall Clock with Quartz Movement",97.812,-1.7783999999999978,8,2,-0.01818181818181816
OFF-SU-10003936,Acme Serrated Blade Letter Opener,13.992,-1.7489999999999999,5,2,-0.12499999999999999
FUR-CH-10004540,Global Chrome Stack Chair,623.896,-1.7140000000000004,25,5,-0.002747252747252748
OFF-FA-10004838,"Super Bands, 12/Pack",29.016,-1.6554,17,3,-0.05705128205128206
OFF-BI-10004141,Insertable Tab Indexes For Data Binders,15.581999999999999,-1.5899999999999999,10,4,-0.10204081632653061
TEC-AC-10004127,SanDisk Cruzer 8 GB USB Flash Drive,27.168,-1.3584,4,1,-0.05
OFF-BI-10002982,Avery Self-Adhesive Photo Pockets for Polaroid Photos,101.46900000000001,-1.2257999999999982,29,9,-0.01208053691275166
OFF-BI-10001759,"Acco Pressboard Covers with Storage Hooks, 14 7/8"" x 11"", Dark Blue",20.192999999999998,-1.1810999999999998,11,3,-0.05849056603773584
OFF-BI-10004094,GBC Standard Plastic Binding Systems Combs,53.1,-1.0620000000000012,12,4,-0.02000000000000002
OFF-BI-10003291,Wilson Jones Leather-Like Binders with DublLock Round Rings,156.267,-1.0475999999999974,34,8,-0.006703910614525123
OFF-FA-10000053,Revere Boxed Rubber Bands by Revere,26.838,-0.9450000000000001,15,4,-0.035211267605633804
OFF-AP-10004036,Bionaire 99.97% HEPA Air Cleaner,147.16799999999998,-0.8760000000000012,13,3,-0.005952380952380962
OFF-FA-10001135,"Brites Rubber Bands, 1 1/2 oz. Box",13.068000000000001,-0.5147999999999999,7,3,-0.039393939393939384
OFF-BI-10000201,"Avery Triangle Shaped Sheet Lifters, Black, 2/Pack",19.188000000000002,-0.4919999999999991,16,5,-0.02564102564102559
OFF-BI-10002049,UniKeep View Case Binders,25.917,-0.4889999999999999,10,4,-0.018867924528301883
OFF-FA-10004968,Rubber Band Ball,58.344,-0.29920000000000013,16,4,-0.005128205128205131
OFF-BI-10001132,"Acco PRESSTEX Data Binder with Storage Hooks, Dark Blue, 9 1/2"" X 11""",62.946,-0.16139999999999866,23,4,-0.002564102564102543
OFF-SU-10003505,Premier Electric Letter Opener,2641.6079999999997,-7.105427357601002e-15,24,8,-2.6898114169857914e-18
