Customer ID,Recency,Frequency,Monetary,R_Score,F_Score,M_Score,RFM Score,Customer Segment
AA-10315,667,4,5189.08,1,2,5,125,At Risk
AA-10375,48,8,1039.622,4,5,2,452,Low Value
AA-10480,259,3,632.532,2,1,1,211,Low Value
AA-10645,233,6,5086.9349999999995,2,3,5,235,At Risk
AB-10015,445,3,886.156,1,1,2,112,Low Value
AB-10060,105,7,7727.69,3,4,5,345,Loyal
AB-10105,41,10,14473.570999999998,5,5,5,555,Champions
AB-10150,41,4,951.77,5,2,2,522,Potential Loyalists
AB-10165,106,4,359.368,3,2,1,321,Low Value
AB-10255,166,9,914.5319999999999,3,5,2,352,Low Value
AB-10600,80,3,1498.774,4,1,3,413,Potential Loyalists
AC-10420,676,1,57.576,1,1,1,111,Low Value
AC-10450,11,6,4785.51,5,3,5,535,Potential Loyalists
AC-10615,6,4,2457.326,5,2,4,524,Potential Loyalists
AC-10660,282,5,657.316,2,3,1,231,Low Value
AD-10180,47,8,6106.88,4,5,5,455,Champions
AF-10870,41,7,2052.908,5,4,3,543,Loyal
AF-10885,445,2,425.356,1,1,1,111,Low Value
AG-10270,278,5,2582.898,2,3,4,234,At Risk
AG-10300,296,3,118.97999999999999,2,1,1,211,Low Value
AG-10330,8,5,660.972,5,3,1,531,Potential Loyalists
AG-10390,174,5,200.945,3,3,1,331,Low Value
AG-10495,78,8,2356.855,4,5,4,454,Champions
AG-10525,905,3,1261.102,1,1,2,112,Low Value
AG-10675,97,5,3378.7036000000003,4,3,4,434,Potential Loyalists
AG-10765,77,3,57.484,4,1,1,411,Potential Loyalists
AG-10900,96,10,4510.797,4,5,5,455,Champions
AH-10030,12,7,1744.7,5,4,3,543,Loyal
AH-10075,34,10,3250.337,5,5,4,554,Champions
AH-10120,135,5,1680.146,3,3,3,333,Low Value
AH-10195,128,4,1587.452,3,2,3,323,Low Value
AH-10210,6,7,4024.464,5,4,5,545,Champions
AH-10465,230,5,2495.3916,2,3,4,234,At Risk
AH-10585,109,4,738.504,3,2,2,322,Low Value
AH-10690,410,9,1915.358,1,5,3,153,Loyal
AI-10855,13,9,4174.0560000000005,5,5,5,555,Champions
AJ-10780,75,4,3383.416,4,2,4,424,Potential Loyalists
AJ-10795,166,6,3342.331,3,3,4,334,Low Value
AJ-10945,203,6,1200.51,2,3,2,232,Low Value
AJ-10960,74,3,629.2479999999999,4,1,1,411,Potential Loyalists
AM-10360,321,4,684.1800000000001,2,2,1,221,Low Value
AM-10705,162,6,3530.036,3,3,4,334,Low Value
AO-10810,501,1,161.28,1,1,1,111,Low Value
AP-10720,41,8,1638.554,5,5,3,553,Loyal
AP-10915,98,9,2355.256,4,5,4,454,Champions
AR-10345,143,2,860.928,3,1,2,312,Low Value
AR-10405,194,3,508.004,2,1,1,211,Low Value
AR-10510,14,4,206.544,5,2,1,521,Potential Loyalists
AR-10540,6,4,5888.48,5,2,5,525,Potential Loyalists
AR-10570,534,1,88.15,1,1,1,111,Low Value
AR-10825,162,6,4471.496,3,3,5,335,Low Value
AS-10045,265,6,2984.9120000000003,2,3,4,234,At Risk
AS-10090,105,8,3247.402,3,5,4,354,Loyal
AS-10135,41,2,58.82,5,1,1,511,Potential Loyalists
AS-10225,104,5,4260.784,3,3,5,335,Low Value
AS-10240,192,5,571.408,2,3,1,231,Low Value
AS-10285,48,6,3214.236,4,3,4,434,Potential Loyalists
AS-10630,244,6,460.95200000000006,2,3,1,231,Low Value
AT-10435,109,5,1128.354,3,3,2,332,Low Value
AT-10735,13,9,3710.624,5,5,4,554,Champions
AW-10840,79,4,649.376,4,2,1,421,Potential Loyalists
AW-10930,46,5,1610.272,4,3,3,433,Potential Loyalists
AY-10555,14,4,497.014,5,2,1,521,Potential Loyalists
AZ-10750,160,4,1218.6019999999999,3,2,2,322,Low Value
BB-10990,105,5,744.3399999999999,3,3,2,332,Low Value
BB-11545,22,9,6765.728,5,5,5,555,Champions
BC-11125,54,8,2787.9120000000003,4,5,4,454,Champions
BD-11320,98,6,2271.192,4,3,4,434,Potential Loyalists
BD-11500,35,6,4411.2429999999995,5,3,5,535,Potential Loyalists
BD-11560,278,1,168.58,2,1,1,211,Low Value
BD-11605,97,5,2631.841,4,3,4,434,Potential Loyalists
BD-11620,69,6,1538.11,4,3,3,433,Potential Loyalists
BD-11635,9,3,582.646,5,1,1,511,Potential Loyalists
BD-11725,214,5,1517.26,2,3,3,233,Low Value
BD-11770,211,3,470.466,2,1,1,211,Low Value
BE-11335,166,5,4204.676,3,3,5,335,Low Value
BE-11410,98,5,2261.438,4,3,3,433,Potential Loyalists
BE-11455,254,6,1727.652,2,3,3,233,Low Value
BF-10975,405,6,579.134,1,4,1,141,Low Value
BF-11005,39,3,1006.46,5,1,2,512,Potential Loyalists
BF-11020,74,8,2888.506,4,5,4,454,Champions
BF-11080,232,1,32.67,2,1,1,211,Low Value
BF-11170,16,10,5402.286,5,5,5,555,Champions
BF-11215,65,3,892.222,4,1,2,412,Potential Loyalists
BF-11275,294,2,750.0799999999999,2,1,2,212,Low Value
BG-11035,321,7,2139.048,2,4,3,243,Loyal
BG-11695,36,4,998.274,5,2,2,522,Potential Loyalists
BG-11740,257,5,619.356,2,3,1,231,Low Value
BH-11710,171,7,2541.047,3,4,4,344,Loyal
BK-11260,77,6,659.1379999999999,4,4,1,441,Low Value
BM-11140,627,3,11432.84,1,1,5,115,At Risk
BM-11575,100,6,808.162,3,4,2,342,Low Value
BM-11650,33,9,7266.558,5,5,5,555,Champions
BM-11785,218,10,1338.842,2,5,3,253,Loyal
BN-11470,201,3,72.872,2,1,1,211,Low Value
BN-11515,9,5,1459.344,5,3,3,533,Potential Loyalists
BO-11350,137,5,2682.728,3,3,4,334,Low Value
BO-11425,75,1,124.75,4,1,1,411,Potential Loyalists
BP-11050,142,4,961.18,3,2,2,322,Low Value
BP-11095,17,10,2277.116,5,5,4,554,Champions
BP-11155,323,4,1673.306,2,2,3,223,Low Value
BP-11185,1,7,1969.02,5,4,3,543,Loyal
BP-11230,39,4,158.52,5,2,1,521,Potential Loyalists
BP-11290,12,4,1297.163,5,2,2,522,Potential Loyalists
BS-11365,558,5,10501.653,1,3,5,135,At Risk
BS-11380,44,3,3632.27,4,1,4,414,Potential Loyalists
BS-11590,35,6,2454.928,5,4,4,544,Champions
BS-11665,582,3,3288.1099999999997,1,1,4,114,At Risk
BS-11755,1,5,1396.6560000000002,5,3,3,533,Potential Loyalists
BS-11800,117,1,760.8,3,1,2,312,Low Value
BT-11305,336,5,2567.656,2,3,4,234,At Risk
BT-11395,302,4,801.8030000000001,2,2,2,222,Low Value
BT-11440,560,4,603.876,1,2,1,121,Low Value
BT-11485,422,2,415.19599999999997,1,1,1,111,Low Value
BT-11530,307,4,2524.5119999999997,2,2,4,224,At Risk
BT-11680,40,4,172.12,5,2,1,521,Potential Loyalists
BV-11245,334,5,1523.2730000000001,2,3,3,233,Low Value
BW-11065,358,2,339.36400000000003,1,1,1,111,Low Value
BW-11110,182,5,3506.0240000000003,3,3,4,334,Low Value
BW-11200,429,1,511.522,1,1,1,111,Low Value
CA-11965,96,6,3789.7228,4,4,5,445,Champions
CA-12055,401,5,1679.7240000000002,1,3,3,133,Low Value
CA-12265,72,8,2638.3272,4,5,4,454,Champions
CA-12310,13,4,1421.954,5,2,3,523,Potential Loyalists
CA-12775,355,5,1248.445,1,3,2,132,Low Value
CB-12025,47,8,3990.707,4,5,5,455,Champions
CB-12415,44,7,1803.7,4,4,3,443,Loyal
CB-12535,197,6,4108.5835,2,4,5,245,Loyal
CC-12100,457,5,1524.445,1,3,3,133,Low Value
CC-12145,106,6,2420.13,3,4,4,344,Loyal
CC-12220,44,10,2882.022,4,5,4,454,Champions
CC-12370,43,5,12129.072000000002,4,3,5,435,Potential Loyalists
CC-12430,0,10,2870.05,5,5,4,554,Champions
CC-12475,39,7,970.54,5,4,2,542,Low Value
CC-12550,198,3,113.832,2,1,1,211,Low Value
CC-12610,34,6,2478.839,5,4,4,544,Champions
CC-12670,195,6,2247.7215,2,4,3,243,Loyal
CC-12685,799,3,2490.045,1,1,4,114,At Risk
CD-11920,40,4,1750.048,5,2,3,523,Potential Loyalists
CD-11980,202,3,639.766,2,1,1,211,Low Value
CD-12280,42,2,1205.584,4,1,2,412,Potential Loyalists
CD-12790,399,5,1860.732,1,3,3,133,Low Value
CG-12040,49,6,904.4680000000001,4,4,2,442,Low Value
CG-12520,338,3,1148.7800000000002,1,1,2,112,Low Value
CH-12070,515,1,1127.976,1,1,2,112,Low Value
CJ-11875,365,1,16.52,1,1,1,111,Low Value
CJ-12010,189,6,9113.062,2,4,5,245,Loyal
CK-12205,39,10,3027.687,5,5,4,554,Champions
CK-12325,316,4,2729.4809999999998,2,2,4,224,At Risk
CK-12595,43,7,1604.536,4,4,3,443,Loyal
CK-12760,111,8,1513.367,3,5,3,353,Loyal
CL-11890,85,4,1262.0140000000001,4,2,2,422,Potential Loyalists
CL-12565,284,9,8079.698,2,5,5,255,Loyal
CL-12700,105,3,1371.1799999999998,3,1,3,313,Low Value
CM-11815,131,4,1078.448,3,2,2,322,Low Value
CM-11935,708,2,565.392,1,1,1,111,Low Value
CM-12115,8,3,879.21,5,1,2,512,Potential Loyalists
CM-12160,70,6,2533.314,4,4,4,444,Champions
CM-12190,8,6,1475.144,5,4,3,543,Loyal
CM-12235,444,3,865.96,1,1,2,112,Low Value
CM-12385,37,4,8954.019999999999,5,2,5,525,Potential Loyalists
CM-12445,436,2,257.53,1,1,1,111,Low Value
CM-12655,293,6,6339.5576,2,4,5,245,Loyal
CM-12715,1092,4,3984.4524,1,2,5,125,At Risk
CP-12085,111,6,5312.874,3,4,5,345,Loyal
CP-12340,160,8,5888.275,3,5,5,355,Loyal
CR-12580,294,4,2148.852,2,2,3,223,Low Value
CR-12625,470,3,475.9,1,1,1,111,Low Value
CR-12730,78,3,1577.43,4,1,3,413,Potential Loyalists
CR-12820,203,3,1397.8724,2,1,3,213,Low Value
CS-11845,835,3,43.452,1,1,1,111,Low Value
CS-11860,162,4,524.528,3,2,1,321,Low Value
CS-11950,67,9,2138.2290000000003,4,5,3,453,Loyal
CS-12130,741,3,760.5840000000001,1,1,2,112,Low Value
CS-12175,209,2,87.22,2,1,1,211,Low Value
CS-12250,37,11,2211.876,5,5,3,553,Loyal
CS-12355,6,10,3155.062,5,5,4,554,Champions
CS-12400,2,8,2907.8705,5,5,4,554,Champions
CS-12460,293,2,550.644,2,1,1,211,Low Value
CS-12490,621,2,125.502,1,1,1,111,Low Value
CS-12505,322,4,634.986,2,2,1,221,Low Value
CT-11995,96,6,2434.364,4,4,4,444,Champions
CV-12295,254,4,1639.788,2,2,3,223,Low Value
CV-12805,5,7,1103.136,5,4,2,542,Low Value
CW-11905,140,4,986.688,3,2,2,322,Low Value
CY-12745,105,6,1753.6819999999998,3,4,3,343,Loyal
Co-12640,1056,3,1103.156,1,1,2,112,Low Value
DA-13450,1191,2,69.36,1,1,1,111,Low Value
DB-12910,109,6,1254.009,3,4,2,342,Low Value
DB-12970,300,4,2636.106,2,2,4,224,At Risk
DB-13060,16,7,4531.646,5,4,5,545,Champions
DB-13120,734,5,2201.554,1,3,3,133,Low Value
DB-13210,9,9,2210.225,5,5,3,553,Loyal
DB-13270,172,6,4614.703,3,4,5,345,Loyal
DB-13360,657,3,260.68,1,1,1,111,Low Value
DB-13405,288,3,1185.242,2,1,2,212,Low Value
DB-13555,107,6,3892.5728,3,4,5,345,Loyal
DB-13615,100,5,1893.53,3,3,3,333,Low Value
DB-13660,12,7,1155.202,5,4,2,542,Low Value
DC-12850,37,9,3336.168,5,5,4,554,Champions
DC-13285,171,5,1174.618,3,3,2,332,Low Value
DD-13570,41,6,269.542,5,4,1,541,Low Value
DE-13255,828,4,2456.422,1,2,4,124,At Risk
DF-13135,700,3,2390.534,1,1,4,114,At Risk
DG-13300,495,4,1135.9679999999998,1,2,2,122,Low Value
DH-13075,277,6,4932.872,2,4,5,245,Loyal
DH-13675,776,3,585.352,1,1,1,111,Low Value
DJ-13420,695,4,2012.52,1,2,3,123,Low Value
DJ-13510,147,5,2327.496,3,3,4,334,Low Value
DJ-13630,12,3,3356.398,5,1,4,514,Potential Loyalists
DK-12835,70,11,2774.782,4,5,4,454,Champions
DK-12895,45,3,3219.824,4,1,4,414,Potential Loyalists
DK-12985,7,5,1687.04,5,3,3,533,Potential Loyalists
DK-13090,42,7,2650.557,4,4,4,444,Champions
DK-13150,10,2,797.832,5,1,2,512,Potential Loyalists
DK-13225,10,7,1874.252,5,4,3,543,Loyal
DK-13375,48,6,2799.472,4,4,4,444,Champions
DL-12865,100,5,240.38400000000001,3,3,1,331,Low Value
DL-12925,294,5,2859.96,2,3,4,234,At Risk
DL-13315,35,8,1458.258,5,5,3,553,Loyal
DL-13330,294,3,572.6,2,1,1,211,Low Value
DL-13495,76,8,3539.322,4,5,4,454,Champions
DM-12955,174,5,1298.7060000000001,3,3,2,332,Low Value
DM-13015,68,7,6345.103,4,4,5,445,Champions
DM-13345,140,6,1319.35,3,4,3,343,Loyal
DM-13525,600,2,294.642,1,1,1,111,Low Value
DN-13690,373,4,1604.06,1,2,3,123,Low Value
DO-13435,133,8,840.598,3,5,2,352,Low Value
DO-13645,98,6,1209.748,4,4,2,442,Low Value
DP-13000,230,7,832.5640000000001,2,4,2,242,Low Value
DP-13105,6,8,2215.002,5,5,3,553,Loyal
DP-13165,812,2,1058.616,1,1,2,112,Low Value
DP-13390,363,8,5446.9839999999995,1,5,5,155,Loyal
DR-12880,3,6,4749.616,5,4,5,545,Champions
DR-12940,80,4,6962.062,4,2,5,425,Potential Loyalists
DS-13030,270,2,1054.852,2,1,2,212,Low Value
DS-13180,171,6,1335.1148,3,4,3,343,Loyal
DV-13045,48,3,1085.3429999999998,4,1,2,412,Potential Loyalists
DV-13465,54,6,3341.587,4,4,4,444,Champions
DW-13195,69,6,1080.751,4,4,2,442,Low Value
DW-13480,497,3,3794.99,1,1,5,115,At Risk
DW-13540,98,4,327.88800000000003,4,2,1,421,Potential Loyalists
DW-13585,260,6,706.362,2,4,1,241,Low Value
Dl-13600,146,5,755.602,3,3,2,332,Low Value
Dp-13240,106,10,6790.291,3,5,5,355,Loyal
EA-14035,244,10,1993.059,2,5,3,253,Loyal
EB-13705,71,8,3629.058,4,5,4,454,Champions
EB-13750,35,7,3016.456,5,4,4,544,Champions
EB-13840,354,4,4344.508,1,2,5,125,At Risk
EB-13870,100,8,2708.077,3,5,4,354,Loyal
EB-13930,161,4,887.78,3,2,2,322,Low Value
EB-13975,0,4,1643.255,5,2,3,523,Potential Loyalists
EB-14110,143,3,2608.626,3,1,4,314,Low Value
EB-14170,111,3,27.968,3,1,1,311,Low Value
EC-14050,172,4,368.39399999999995,3,2,1,321,Low Value
ED-13885,135,7,3464.04,3,4,4,344,Loyal
EG-13900,43,5,1832.02,4,3,3,433,Potential Loyalists
EH-13765,135,9,9424.758,3,5,5,355,Loyal
EH-13945,217,8,684.1709999999999,2,5,1,251,Low Value
EH-13990,405,6,825.9499999999999,1,4,2,142,Low Value
EH-14005,2,6,1190.058,5,4,2,542,Low Value
EH-14125,192,6,2005.791,2,4,3,243,Loyal
EH-14185,105,6,923.884,3,4,2,342,Low Value
EJ-13720,302,4,2162.174,2,2,3,223,Low Value
EJ-14155,230,5,2656.691,2,3,4,234,At Risk
EK-13795,44,4,1303.478,4,2,2,422,Potential Loyalists
EL-13735,77,2,124.28,4,1,1,411,Potential Loyalists
EM-13810,132,5,2567.0099999999998,3,3,4,334,Low Value
EM-13825,163,5,1802.402,3,3,3,333,Low Value
EM-13960,356,5,933.704,1,3,2,132,Low Value
EM-14065,47,4,228.99,4,2,1,421,Potential Loyalists
EM-14095,143,4,1041.0420000000001,3,2,2,322,Low Value
EM-14140,19,5,3305.826,5,3,4,534,Potential Loyalists
EM-14200,158,2,309.812,3,1,1,311,Low Value
EN-13780,287,3,1670.2259999999999,2,1,3,213,Low Value
EP-13915,12,13,5332.5968,5,5,5,555,Champions
ER-13855,569,3,1245.788,1,1,2,112,Low Value
ES-14020,40,4,3270.488,5,2,4,524,Potential Loyalists
ES-14080,102,7,3198.8239999999996,3,4,4,344,Loyal
FA-14230,97,5,2273.94,4,3,4,434,Potential Loyalists
FC-14245,70,7,3418.742,4,4,4,444,Champions
FC-14335,242,6,3884.182,2,4,5,245,Loyal
FG-14260,34,6,1084.68,5,4,2,542,Low Value
FH-14275,37,9,3873.132,5,5,5,555,Champions
FH-14350,320,4,2271.284,2,2,4,224,At Risk
FH-14365,5,7,6979.215999999999,5,4,5,545,Champions
FM-14215,7,6,507.13,5,4,1,541,Low Value
FM-14290,36,9,3736.198,5,5,4,554,Champions
FM-14380,175,7,2067.618,3,4,3,343,Loyal
FO-14305,38,8,2449.074,5,5,4,554,Champions
FP-14320,171,8,4046.746,3,5,5,355,Loyal
FW-14395,332,3,79.75,2,1,1,211,Low Value
GA-14515,189,7,3901.92,2,4,5,245,Loyal
GA-14725,5,9,822.702,5,5,2,552,Low Value
GB-14530,62,8,725.034,4,5,1,451,Low Value
GB-14575,13,3,4372.356,5,1,5,515,Potential Loyalists
GD-14590,5,3,1150.676,5,1,2,512,Potential Loyalists
GG-14650,43,8,1216.064,4,5,2,452,Low Value
GH-14410,75,5,993.799,4,3,2,432,Potential Loyalists
GH-14425,80,4,4172.8460000000005,4,2,5,425,Potential Loyalists
GH-14485,505,2,1361.2440000000001,1,1,3,113,Low Value
GH-14665,2,2,146.94080000000002,5,1,1,511,Potential Loyalists
GK-14620,112,9,6497.27,3,5,5,355,Loyal
GM-14440,142,6,3522.7,3,4,4,344,Loyal
GM-14455,16,5,2320.272,5,3,4,534,Potential Loyalists
GM-14500,106,6,484.304,3,4,1,341,Low Value
GM-14680,720,1,330.588,1,1,1,111,Low Value
GM-14695,265,3,6049.966,2,1,5,215,At Risk
GP-14740,765,2,236.53,1,1,1,111,Low Value
GR-14560,1135,2,1284.38,1,1,2,112,Low Value
GT-14635,263,3,9351.212,2,1,5,215,At Risk
GT-14710,36,9,9129.86,5,5,5,555,Champions
GT-14755,34,3,147.09199999999998,5,1,1,511,Potential Loyalists
GW-14605,321,6,2098.449,2,4,3,243,Loyal
GZ-14470,7,9,4355.150000000001,5,5,5,555,Champions
GZ-14545,286,1,381.36,2,1,1,211,Low Value
HA-14905,69,5,1531.58,4,3,3,433,Potential Loyalists
HA-14920,79,5,1919.7379999999998,4,3,3,433,Potential Loyalists
HD-14785,769,2,129.308,1,1,1,111,Low Value
HE-14800,12,4,883.5319999999999,5,2,2,522,Potential Loyalists
HF-14995,109,5,1528.716,3,3,3,333,Low Value
HG-14845,111,4,715.728,3,2,1,321,Low Value
HG-14965,171,10,3121.142,3,5,4,354,Loyal
HG-15025,6,6,3626.364,5,4,4,544,Champions
HH-15010,72,2,218.668,4,1,1,411,Potential Loyalists
HJ-14875,126,5,358.1,3,3,1,331,Low Value
HK-14890,279,7,4386.234,2,4,5,245,Loyal
HL-15040,43,5,12838.508,4,3,5,435,Potential Loyalists
HM-14860,2,8,6638.120000000001,5,5,5,555,Champions
HM-14980,468,2,573.952,1,1,1,111,Low Value
HP-14815,341,5,608.822,1,3,1,131,Low Value
HR-14770,13,4,611.888,5,2,1,521,Potential Loyalists
HR-14830,159,7,5248.787,3,4,5,345,Loyal
HW-14935,134,7,8563.994,3,4,5,345,Loyal
HZ-14950,35,4,821.096,5,2,2,522,Potential Loyalists
IG-15085,71,3,374.43399999999997,4,1,1,411,Potential Loyalists
IL-15100,525,5,1836.446,1,3,3,133,Low Value
IM-15055,409,3,2872.63,1,1,4,114,At Risk
IM-15070,555,7,4930.474,1,4,5,145,Loyal
JA-15970,99,6,5775.111999999999,4,4,5,445,Champions
JB-15400,7,10,1791.605,5,5,3,553,Loyal
JB-15925,737,3,900.552,1,1,2,112,Low Value
JB-16000,43,6,619.2688,4,4,1,441,Low Value
JB-16045,7,5,2518.115,5,3,4,534,Potential Loyalists
JC-15340,174,4,71.263,3,2,1,321,Low Value
JC-15775,158,8,2336.056,3,5,4,354,Loyal
JC-16105,68,5,858.576,4,3,2,432,Potential Loyalists
JD-15790,265,5,2152.352,2,3,3,233,Low Value
JD-15895,532,8,4688.488,1,5,5,155,Loyal
JD-16015,112,5,252.83,3,3,1,331,Low Value
JD-16060,241,3,695.442,2,1,1,211,Low Value
JD-16150,41,8,8828.0305,5,5,5,555,Champions
JE-15475,193,4,1318.692,2,2,2,222,Low Value
JE-15610,99,5,4642.35,4,3,5,435,Potential Loyalists
JE-15715,46,10,8697.842999999999,4,5,5,455,Champions
JE-15745,99,11,5739.754999999999,4,5,5,455,Champions
JE-16165,71,3,2697.248,4,1,4,414,Potential Loyalists
JF-15190,65,6,1432.126,4,4,3,443,Loyal
JF-15295,225,3,693.028,2,1,1,211,Low Value
JF-15355,105,5,1821.894,3,3,3,333,Low Value
JF-15415,2,6,2371.448,5,4,4,544,Champions
JF-15490,208,10,1063.798,2,5,2,252,Low Value
JF-15565,202,5,1624.034,2,3,3,233,Low Value
JG-15115,1024,3,2358.676,1,1,4,114,At Risk
JG-15160,1,10,5597.3679999999995,5,5,5,555,Champions
JG-15310,2,6,2240.58,5,4,3,543,Loyal
JG-15805,223,5,788.068,2,3,2,232,Low Value
JH-15430,5,3,253.60899999999998,5,1,1,511,Potential Loyalists
JH-15820,337,5,299.99,2,3,1,231,Low Value
JH-15910,41,3,447.78499999999997,5,1,1,511,Potential Loyalists
JH-15985,352,5,5894.254,1,3,5,135,At Risk
JH-16180,404,4,2256.3940000000002,1,2,3,123,Low Value
JJ-15445,562,4,107.678,1,2,1,121,Low Value
JJ-15760,871,2,195.0,1,1,1,111,Low Value
JK-15205,720,2,241.74,1,1,1,111,Low Value
JK-15325,287,3,383.812,2,1,1,211,Low Value
JK-15370,44,6,1602.52,4,4,3,443,Loyal
JK-15625,736,4,2060.5879999999997,1,2,3,123,Low Value
JK-15640,298,8,4752.466,2,5,5,255,Loyal
JK-15730,173,8,4471.07,3,5,5,355,Loyal
JK-16090,321,3,3747.668,2,1,5,215,At Risk
JK-16120,265,8,2763.036,2,5,4,254,Loyal
JL-15130,8,4,1142.988,5,2,2,522,Potential Loyalists
JL-15175,6,5,1571.523,5,3,3,533,Potential Loyalists
JL-15235,324,3,746.6479999999999,2,1,2,212,Low Value
JL-15505,49,3,2613.054,4,1,4,414,Potential Loyalists
JL-15835,36,9,9435.561,5,5,5,555,Champions
JL-15850,614,5,1984.5259999999998,1,3,3,133,Low Value
JM-15250,37,5,2660.514,5,3,4,534,Potential Loyalists
JM-15265,37,4,1569.63,5,2,3,523,Potential Loyalists
JM-15535,102,6,1725.083,3,4,3,343,Loyal
JM-15580,0,4,249.048,5,2,1,521,Potential Loyalists
JM-15655,8,3,791.161,5,1,2,512,Potential Loyalists
JM-15865,228,5,7351.756,2,3,5,235,At Risk
JM-16195,174,7,1111.1960000000001,3,4,2,342,Low Value
JO-15145,64,6,2858.335,4,4,4,444,Champions
JO-15280,620,5,1690.3519999999999,1,3,3,133,Low Value
JO-15550,258,4,1067.288,2,2,2,222,Low Value
JP-15460,37,7,1669.135,5,4,3,543,Loyal
JP-15520,8,7,3635.594,5,4,4,544,Champions
JP-16135,102,7,1139.1979999999999,3,4,2,342,Low Value
JR-15670,593,2,1156.658,1,1,2,112,Low Value
JR-15700,68,1,863.88,4,1,2,412,Potential Loyalists
JR-16210,102,3,1423.636,3,1,3,313,Low Value
JS-15595,324,4,1417.654,2,2,3,223,Low Value
JS-15685,42,4,1131.0639999999999,4,2,2,422,Potential Loyalists
JS-15880,534,4,2501.98,1,2,4,124,At Risk
JS-15940,463,5,469.169,1,3,1,131,Low Value
JS-16030,72,6,2516.494,4,4,4,444,Champions
JW-15220,42,4,7430.914000000001,4,2,5,425,Potential Loyalists
JW-15955,5,6,1049.2379999999998,5,4,2,542,Low Value
JW-16075,810,2,1323.467,1,1,3,113,Low Value
KA-16525,40,3,756.758,5,1,2,512,Potential Loyalists
KB-16240,4,6,1697.065,5,4,3,543,Loyal
KB-16315,569,5,953.98,1,3,2,132,Low Value
KB-16405,265,3,908.821,2,1,2,212,Low Value
KB-16585,230,10,2524.912,2,5,4,254,Loyal
KB-16600,1,7,983.922,5,4,2,542,Low Value
KC-16255,407,6,2120.954,1,4,3,143,Loyal
KC-16540,97,3,553.282,4,1,1,411,Potential Loyalists
KC-16675,218,3,693.586,2,1,1,211,Low Value
KD-16270,633,5,8282.358,1,3,5,135,At Risk
KD-16345,41,6,1888.964,5,4,3,543,Loyal
KD-16495,112,11,8074.312000000001,3,5,5,355,Loyal
KD-16615,289,4,2131.622,2,2,3,223,Low Value
KE-16420,47,8,1686.7312,4,5,3,453,Loyal
KF-16285,51,6,7970.756,4,4,5,445,Champions
KH-16330,40,7,2735.742,5,4,4,544,Champions
KH-16360,1,4,2034.76,5,2,3,523,Potential Loyalists
KH-16510,140,6,5887.131,3,4,5,345,Loyal
KH-16630,322,7,3670.518,2,4,4,244,Loyal
KH-16690,2,5,4679.7699999999995,5,3,5,535,Potential Loyalists
KL-16555,16,8,5016.488,5,5,5,555,Champions
KL-16645,47,10,12488.859,4,5,5,455,Champions
KM-16225,14,6,2260.958,5,4,3,543,Loyal
KM-16375,263,8,5620.186,2,5,5,255,Loyal
KM-16660,15,4,434.63800000000003,5,2,1,521,Potential Loyalists
KM-16720,321,6,2968.506,2,4,4,244,Loyal
KN-16390,48,8,2608.602,4,5,4,454,Champions
KN-16450,141,3,283.287,3,1,1,311,Low Value
KN-16705,98,6,998.662,4,4,2,442,Low Value
KS-16300,1021,2,26.596,1,1,1,111,Low Value
KT-16465,625,6,2911.532,1,4,4,144,Loyal
KT-16480,100,4,1909.25,3,2,3,323,Low Value
KW-16435,152,4,3854.494,3,2,5,325,Low Value
KW-16570,771,3,379.88,1,1,1,111,Low Value
LA-16780,372,7,5787.532,1,4,5,145,Loyal
LB-16735,248,2,23.468,2,1,1,211,Low Value
LB-16795,116,7,4113.176,3,4,5,345,Loyal
LC-16870,98,8,2580.7039999999997,4,5,4,454,Champions
LC-16885,16,9,6280.584,5,5,5,555,Champions
LC-16930,41,5,4304.162,5,3,5,535,Potential Loyalists
LC-16960,436,4,3246.626,1,2,4,124,At Risk
LC-17050,112,5,2095.064,3,3,3,333,Low Value
LC-17140,13,9,2633.582,5,5,4,554,Champions
LD-16855,552,1,5.304,1,1,1,111,Low Value
LD-17005,414,3,352.61400000000003,1,1,1,111,Low Value
LE-16810,109,5,1439.55,3,3,3,333,Low Value
LF-17185,140,7,3930.5089999999996,3,4,5,345,Loyal
LH-16750,249,3,287.426,2,1,1,211,Low Value
LH-16900,109,9,2295.332,3,5,4,354,Loyal
LH-17020,239,3,210.257,2,1,1,211,Low Value
LH-17155,444,7,1235.665,1,4,2,142,Low Value
LL-16840,316,3,2344.7,2,1,4,214,At Risk
LM-17065,570,4,730.634,1,2,2,122,Low Value
LO-17170,2,4,596.37,5,2,1,521,Potential Loyalists
LP-17080,40,4,756.606,5,2,2,522,Potential Loyalists
LP-17095,9,7,3653.399,5,4,4,544,Champions
LR-16915,262,5,4702.748,2,3,5,235,At Risk
LR-17035,132,5,1879.306,3,3,3,333,Low Value
LS-16945,237,3,2798.214,2,1,4,214,At Risk
LS-16975,79,5,1569.3300000000002,4,3,3,433,Potential Loyalists
LS-17200,96,4,769.744,4,2,2,422,Potential Loyalists
LS-17230,777,3,368.88000000000005,1,1,1,111,Low Value
LS-17245,34,5,994.7560000000001,5,3,2,532,Potential Loyalists
LT-16765,262,2,128.292,2,1,1,211,Low Value
LT-17110,34,8,2936.252,5,5,4,554,Champions
LW-16825,295,4,1472.567,2,2,3,223,Low Value
LW-16990,46,4,2619.618,4,2,4,424,Potential Loyalists
LW-17125,598,1,1120.73,1,1,2,112,Low Value
LW-17215,109,5,1393.412,3,3,3,333,Low Value
MA-17560,64,11,4299.161,4,5,5,455,Champions
MA-17995,537,4,2253.3579999999997,1,2,3,123,Low Value
MB-17305,111,9,1454.3419999999999,3,5,3,353,Loyal
MB-18085,44,5,1165.089,4,3,2,432,Potential Loyalists
MC-17275,76,8,2725.982,4,5,4,454,Champions
MC-17425,399,3,3581.7619999999997,1,1,4,114,At Risk
MC-17575,175,7,1033.911,3,4,2,342,Low Value
MC-17590,110,5,2385.587,3,3,4,334,Low Value
MC-17605,112,7,2242.96,3,4,3,343,Loyal
MC-17635,189,3,731.134,2,1,2,212,Low Value
MC-17845,1,7,3805.714,5,4,5,545,Champions
MC-18100,41,8,1719.568,5,5,3,553,Loyal
MC-18130,369,4,1569.038,1,2,3,123,Low Value
MD-17350,147,6,2832.9739999999997,3,4,4,344,Loyal
MD-17860,36,3,1042.912,5,1,2,512,Potential Loyalists
ME-17320,42,7,8357.448,4,4,5,445,Champions
ME-17725,184,5,1644.0072,3,3,3,333,Low Value
ME-18010,954,3,1205.776,1,1,2,112,Low Value
MF-17665,526,4,921.8710000000001,1,2,2,122,Low Value
MF-18250,7,3,1299.936,5,1,2,512,Potential Loyalists
MG-17650,289,3,1185.322,2,2,2,222,Low Value
MG-17680,92,4,2350.188,4,2,4,424,Potential Loyalists
MG-17695,555,3,1342.282,1,2,3,123,Low Value
MG-17875,235,5,1242.8329999999999,2,3,2,232,Low Value
MG-17890,99,7,564.432,4,4,1,441,Low Value
MG-18145,156,3,2170.702,3,2,3,323,Low Value
MH-17290,324,5,1406.837,2,3,3,233,Low Value
MH-17440,376,3,158.516,1,2,1,121,Low Value
MH-17455,170,7,2388.782,3,4,4,344,Loyal
MH-17620,460,3,82.236,1,2,1,121,Low Value
MH-17785,98,5,2083.842,4,3,3,433,Potential Loyalists
MH-18025,49,4,2983.16,4,2,4,424,Potential Loyalists
MH-18115,5,7,5185.821,5,4,5,545,Champions
MJ-17740,140,5,5249.506,3,3,5,335,Low Value
MK-17905,139,8,2302.368,3,5,4,354,Loyal
MK-18160,269,4,1031.602,2,2,2,222,Low Value
ML-17395,69,7,2679.174,4,4,4,444,Champions
ML-17410,165,4,2362.47,3,2,4,324,Low Value
ML-17755,30,6,1984.226,5,4,3,543,Loyal
ML-18040,268,1,6.37,2,1,1,211,Low Value
ML-18265,100,2,162.232,3,1,1,311,Low Value
MM-17260,168,2,1029.495,3,1,2,312,Low Value
MM-17920,7,9,2622.152,5,5,4,554,Champions
MM-18055,143,5,2212.161,3,3,3,333,Low Value
MM-18280,103,7,662.1479999999999,3,4,1,341,Low Value
MN-17935,34,4,1868.49,5,2,3,523,Potential Loyalists
MO-17500,72,4,922.487,4,2,2,422,Potential Loyalists
MO-17800,104,6,1495.774,3,4,3,343,Loyal
MO-17950,298,2,154.288,2,1,1,211,Low Value
MP-17470,1024,3,506.876,1,2,1,121,Low Value
MP-17965,72,9,3983.6420000000003,4,5,5,455,Champions
MP-18175,16,7,4553.349,5,4,5,545,Champions
MR-17545,125,4,639.178,3,2,1,321,Low Value
MS-17365,360,10,7443.6900000000005,1,5,5,155,Loyal
MS-17530,434,4,475.65599999999995,1,2,1,121,Low Value
MS-17710,583,5,1570.78,1,3,3,133,Low Value
MS-17770,445,6,2314.112,1,4,4,144,Loyal
MS-17830,629,3,329.80400000000003,1,2,1,121,Low Value
MS-17980,262,4,787.0840000000001,2,2,2,222,Low Value
MT-17815,49,6,2890.139,4,4,4,444,Champions
MT-18070,798,2,343.9048,1,1,1,111,Low Value
MV-17485,36,8,1476.35,5,5,3,553,Loyal
MV-18190,48,6,1694.654,4,4,3,443,Loyal
MW-18220,17,7,5341.900000000001,5,4,5,545,Champions
MW-18235,44,2,5253.876,4,1,5,415,Potential Loyalists
MY-17380,75,5,1303.456,4,3,2,432,Potential Loyalists
MY-18295,71,10,3625.7360000000003,4,5,4,454,Champions
MZ-17335,279,3,567.7760000000001,2,2,1,221,Low Value
MZ-17515,282,4,2528.466,2,2,4,224,At Risk
NB-18580,1165,1,129.92,1,1,1,111,Low Value
NB-18655,42,5,1196.864,4,3,2,432,Potential Loyalists
NC-18340,224,5,2461.404,2,3,4,234,At Risk
NC-18415,41,5,2206.03,5,3,3,533,Potential Loyalists
NC-18535,6,6,8183.323,5,4,5,545,Champions
NC-18625,115,3,1640.402,3,2,3,323,Low Value
ND-18370,70,9,4326.139,4,5,5,455,Champions
ND-18460,225,4,460.515,2,2,1,221,Low Value
NF-18385,20,5,6058.21,5,3,5,535,Potential Loyalists
NF-18475,525,3,107.182,1,2,1,121,Low Value
NF-18595,134,7,2031.472,3,4,3,343,Loyal
NG-18355,19,5,1869.58,5,3,3,533,Potential Loyalists
NG-18430,769,4,616.778,1,2,1,121,Low Value
NH-18610,148,5,2235.9339999999997,3,3,3,333,Low Value
NK-18490,70,5,462.58799999999997,4,3,1,431,Potential Loyalists
NL-18310,322,2,1305.626,2,1,2,212,Low Value
NM-18445,160,7,6459.344,3,4,5,345,Loyal
NM-18520,372,9,2156.219,1,5,3,153,Loyal
NP-18325,232,6,5529.62,2,4,5,245,Loyal
NP-18670,322,3,1111.202,2,2,2,222,Low Value
NP-18685,406,6,1228.698,1,4,2,142,Low Value
NP-18700,138,6,6103.0145,3,4,5,345,Loyal
NR-18550,299,5,2367.277,2,3,4,234,At Risk
NS-18505,6,4,2575.863,5,2,4,524,Potential Loyalists
NS-18640,114,13,2964.823,3,5,4,354,Loyal
NW-18400,659,4,2696.208,1,2,4,124,At Risk
NZ-18565,203,7,2405.1220000000003,2,5,4,254,Loyal
ON-18715,410,8,1504.08,1,5,3,153,Loyal
OT-18730,520,2,1737.6539999999998,1,1,3,113,Low Value
PA-19060,103,6,729.408,3,4,1,341,Low Value
PB-18805,232,3,740.356,2,2,2,222,Low Value
PB-19105,99,4,688.324,4,2,1,421,Potential Loyalists
PB-19150,97,6,1281.6580000000001,4,4,2,442,Low Value
PB-19210,1133,1,62.808,1,1,1,111,Low Value
PC-18745,2,3,1800.5040000000001,5,2,3,523,Potential Loyalists
PC-19000,1087,1,1011.696,1,1,2,112,Low Value
PF-19120,835,4,9062.864,1,2,5,125,At Risk
PF-19165,196,4,1316.95,2,2,2,222,Low Value
PF-19225,174,4,2070.178,3,2,3,323,Low Value
PG-18820,36,9,2499.201,5,5,4,554,Champions
PG-18895,193,6,1243.414,2,4,2,242,Low Value
PH-18790,70,1,729.648,4,1,2,412,Potential Loyalists
PJ-18835,39,7,1135.082,5,5,2,552,Low Value
PJ-19015,134,7,1824.2340000000002,3,5,3,353,Loyal
PK-18910,661,2,1441.152,1,1,3,113,Low Value
PK-19075,9,11,8491.562,5,5,5,555,Champions
PL-18925,15,5,239.481,5,3,1,531,Potential Loyalists
PM-18940,474,3,1405.402,1,2,3,123,Low Value
PM-19135,110,4,4115.662,3,2,5,325,Low Value
PN-18775,110,6,1329.006,3,4,3,343,Loyal
PO-18850,4,10,6203.9582,5,5,5,555,Champions
PO-18865,0,7,2493.214,5,5,4,554,Champions
PO-19180,160,5,3131.908,3,3,4,334,Low Value
PO-19195,234,5,1056.858,2,3,2,232,Low Value
PP-18955,97,8,4739.018,4,5,5,455,Champions
PR-18880,36,4,1718.29,5,2,3,523,Potential Loyalists
PS-18760,107,5,2162.509,3,3,3,333,Low Value
PS-18970,69,5,989.3109999999999,4,3,2,432,Potential Loyalists
PS-19045,147,7,6843.634,3,5,5,355,Loyal
PT-19090,71,3,155.392,4,2,1,421,Potential Loyalists
PV-18985,323,3,2231.28,2,2,3,223,Low Value
PW-19030,46,10,3454.916,4,5,4,454,Champions
PW-19240,464,7,3922.4150000000004,1,5,5,155,Loyal
QJ-19255,232,8,6094.7699999999995,2,5,5,255,Loyal
RA-19285,5,8,2347.106,5,5,4,554,Champions
RA-19885,43,6,3827.706,4,4,5,445,Champions
RA-19915,12,7,4739.3550000000005,5,5,5,555,Champions
RA-19945,61,4,977.88,4,2,2,422,Potential Loyalists
RB-19330,68,2,1008.1959999999999,4,1,2,412,Potential Loyalists
RB-19360,96,5,15056.854,4,3,5,435,Potential Loyalists
RB-19435,41,7,2655.1059999999998,5,5,4,554,Champions
RB-19465,9,10,4353.328,5,5,5,555,Champions
RB-19570,232,5,528.546,2,3,1,231,Low Value
RB-19645,648,5,221.084,1,3,1,131,Low Value
RB-19705,107,4,2067.45,3,2,3,323,Low Value
RB-19795,231,7,2003.3799999999999,2,5,3,253,Loyal
RC-19825,369,6,966.409,1,4,2,142,Low Value
RC-19960,51,5,786.184,4,3,2,432,Potential Loyalists
RD-19480,72,7,2527.57,4,5,4,454,Champions
RD-19585,298,9,2808.384,2,5,4,254,Loyal
RD-19660,174,4,2745.892,3,2,4,324,Low Value
RD-19720,109,7,1312.568,3,5,2,352,Low Value
RD-19810,14,6,910.3159999999999,5,4,2,542,Low Value
RD-19900,174,9,3133.924,3,5,4,354,Loyal
RD-19930,42,4,970.9420000000001,4,2,2,422,Potential Loyalists
RE-19405,1097,1,48.36,1,1,1,111,Low Value
RE-19450,302,5,876.696,2,3,2,232,Low Value
RF-19345,597,6,628.818,1,4,1,141,Low Value
RF-19735,323,5,1045.58,2,3,2,232,Low Value
RF-19840,6,8,945.222,5,5,2,552,Low Value
RH-19495,100,3,3511.872,3,2,4,324,Low Value
RH-19510,467,4,3038.77,1,2,4,124,At Risk
RH-19555,993,1,8.226,1,1,1,111,Low Value
RH-19600,534,3,2085.7400000000002,1,2,3,123,Low Value
RK-19300,324,2,1250.522,2,1,2,212,Low Value
RL-19615,176,5,3257.267,3,3,4,334,Low Value
RM-19375,345,4,1229.13,1,2,2,122,Low Value
RM-19675,6,5,5979.0960000000005,5,3,5,535,Potential Loyalists
RM-19750,210,1,98.35,2,1,1,211,Low Value
RO-19780,35,6,3800.886,5,4,5,545,Champions
RP-19270,496,4,954.6452,1,2,2,122,Low Value
RP-19390,33,12,5153.084,5,5,5,555,Champions
RP-19855,217,7,1818.8,2,5,3,253,Loyal
RR-19315,48,2,615.932,4,1,1,411,Potential Loyalists
RR-19525,170,6,3302.2619999999997,3,4,4,344,Loyal
RS-19420,76,4,3189.25,4,2,4,424,Potential Loyalists
RS-19765,36,8,4159.7699999999995,5,5,5,555,Champions
RS-19870,48,2,22.328,4,1,1,411,Potential Loyalists
RW-19540,135,6,7249.381,3,4,5,345,Loyal
RW-19630,261,7,2558.026,2,5,4,254,Loyal
RW-19690,284,3,2245.006,2,2,3,223,Low Value
SA-20830,117,9,4745.4115,3,5,5,355,Loyal
SB-20170,1303,1,38.572,1,1,1,111,Low Value
SB-20185,188,5,6319.58,2,3,5,235,At Risk
SB-20290,47,6,7792.031,4,4,5,445,Champions
SC-20020,811,5,3362.9636,1,3,4,134,At Risk
SC-20050,40,7,4601.562,5,5,5,555,Champions
SC-20095,349,8,14012.766,1,5,5,155,Loyal
SC-20230,297,4,4371.9580000000005,2,2,5,225,At Risk
SC-20260,187,6,1729.616,3,4,3,343,Loyal
SC-20305,251,5,3794.481,2,3,5,235,At Risk
SC-20380,104,6,3682.932,3,4,4,344,Loyal
SC-20440,36,7,1874.998,5,5,3,553,Loyal
SC-20575,133,4,803.528,3,2,2,322,Low Value
SC-20680,378,3,970.0400000000001,1,2,2,122,Low Value
SC-20695,323,6,1758.418,2,4,3,243,Loyal
SC-20725,187,8,4528.616,3,5,5,355,Loyal
SC-20770,41,6,4267.757,5,4,5,545,Champions
SC-20800,198,3,276.88800000000003,2,2,1,221,Low Value
SC-20845,131,2,280.632,3,1,1,311,Low Value
SD-20485,200,6,2030.462,2,4,3,243,Loyal
SE-20110,9,8,11227.550000000003,5,5,5,555,Champions
SF-20065,167,6,426.726,3,4,1,341,Low Value
SF-20200,125,8,3380.5419999999995,3,5,4,354,Loyal
SF-20965,835,4,152.802,1,2,1,121,Low Value
SG-20080,8,3,3406.5809999999997,5,2,4,524,Potential Loyalists
SG-20470,183,5,1326.826,3,3,3,333,Low Value
SG-20605,108,6,3124.832,3,4,4,344,Loyal
SG-20890,226,3,47.946,2,2,1,221,Low Value
SH-19975,99,11,2957.594,4,5,4,454,Champions
SH-20395,82,9,2148.768,4,5,3,453,Loyal
SH-20635,765,2,2096.392,1,1,3,113,Low Value
SJ-20125,95,10,3908.966,4,5,5,455,Champions
SJ-20215,136,4,1135.152,3,2,2,322,Low Value
SJ-20500,253,4,1226.256,2,2,2,222,Low Value
SK-19990,8,2,876.249,5,1,2,512,Potential Loyalists
SL-20155,70,7,3053.012,4,5,4,454,Champions
SM-20005,555,4,244.49399999999997,1,2,1,121,Low Value
SM-20320,20,4,24516.6,5,2,5,525,Potential Loyalists
SM-20905,665,1,1043.041,1,1,2,112,Low Value
SM-20950,163,8,2679.224,3,5,4,354,Loyal
SN-20560,552,3,668.434,1,2,1,121,Low Value
SN-20710,407,5,2651.5652,1,3,4,134,At Risk
SO-20335,112,5,1622.63,3,3,3,333,Low Value
SP-20545,211,6,1306.086,2,4,2,242,Low Value
SP-20620,47,9,5440.319,4,5,5,455,Champions
SP-20650,474,6,1383.8600000000001,1,4,3,143,Loyal
SP-20860,271,8,4232.588,2,5,5,255,Loyal
SP-20920,70,4,398.973,4,2,1,421,Potential Loyalists
SR-20425,8,5,3233.481,5,3,4,534,Potential Loyalists
SR-20740,196,8,4345.8859999999995,2,5,5,255,Loyal
SS-20140,15,8,1324.028,5,5,3,553,Loyal
SS-20410,770,3,2488.692,1,2,4,124,At Risk
SS-20515,491,3,613.4,1,2,1,121,Low Value
SS-20590,432,5,324.51,1,3,1,131,Low Value
SS-20875,355,3,823.9259999999999,1,2,2,122,Low Value
ST-20530,125,7,433.34000000000003,3,5,1,351,Low Value
SU-20665,79,7,2595.364,4,5,4,454,Champions
SV-20365,101,8,10558.298,3,5,5,355,Loyal
SV-20785,320,8,4072.905,2,5,5,255,Loyal
SV-20815,76,4,1271.0900000000001,4,3,2,432,Potential Loyalists
SV-20935,2,8,1903.491,5,5,3,553,Loyal
SW-20245,81,5,636.394,4,3,1,431,Potential Loyalists
SW-20275,39,4,1770.4699999999998,5,3,3,533,Potential Loyalists
SW-20350,162,2,495.86400000000003,3,1,1,311,Low Value
SW-20455,162,6,1919.96,3,4,3,343,Loyal
SW-20755,534,2,758.6959999999999,1,1,2,112,Low Value
SZ-20035,35,10,3600.7690000000002,5,5,4,554,Champions
TA-21385,69,3,13807.77,4,2,5,425,Potential Loyalists
TB-21055,284,4,918.1060000000001,2,3,2,232,Low Value
TB-21175,322,3,3397.488,2,2,4,224,At Risk
TB-21190,49,3,809.9340000000001,4,2,2,422,Potential Loyalists
TB-21250,349,6,1118.6280000000002,1,4,2,142,Low Value
TB-21280,645,5,2115.3,1,3,3,133,Low Value
TB-21355,205,5,834.328,2,3,2,232,Low Value
TB-21400,275,6,8414.582,2,4,5,245,Loyal
TB-21520,107,8,4324.822,3,5,5,355,Loyal
TB-21595,285,4,929.208,2,3,2,232,Low Value
TB-21625,43,6,1399.812,4,4,3,443,Loyal
TC-20980,689,4,19044.906000000003,1,3,5,135,At Risk
TC-21145,106,1,1038.26,3,1,2,312,Low Value
TC-21295,46,8,4266.812,4,5,5,455,Champions
TC-21475,244,7,1118.8,2,5,2,252,Low Value
TC-21535,4,7,742.5580000000001,5,5,2,552,Low Value
TD-20995,37,8,1433.468,5,5,3,553,Loyal
TG-21310,337,5,3058.372,2,3,4,234,At Risk
TG-21640,174,4,2074.661,3,3,3,333,Low Value
TH-21100,344,4,1736.924,1,3,3,133,Low Value
TH-21115,322,4,2942.772,2,3,4,234,At Risk
TH-21235,146,6,875.416,3,4,2,342,Low Value
TH-21550,72,7,4234.0960000000005,4,5,5,455,Champions
TM-21010,103,5,968.4659999999999,3,3,2,332,Low Value
TM-21490,130,3,1094.6779999999999,3,2,2,322,Low Value
TN-21040,354,5,2411.845,1,3,4,134,At Risk
TP-21130,8,8,4430.088,5,5,5,555,Champions
TP-21415,104,3,4608.6708,3,2,5,325,Low Value
TP-21565,350,4,1936.6399999999999,1,3,3,133,Low Value
TR-21325,193,5,675.9419999999999,2,3,1,231,Low Value
TS-21085,895,1,2.025,1,1,1,111,Low Value
TS-21160,504,6,2163.6240000000003,1,4,3,143,Loyal
TS-21205,198,5,5148.95,2,3,5,235,At Risk
TS-21340,226,5,974.7819999999999,2,3,2,232,Low Value
TS-21370,36,4,8881.812,5,3,5,535,Potential Loyalists
TS-21430,412,3,584.548,1,2,1,121,Low Value
TS-21505,11,6,2243.274,5,4,3,543,Loyal
TS-21610,78,6,2811.568,4,4,4,444,Champions
TS-21655,208,4,2675.88,2,3,4,234,At Risk
TT-21070,47,6,4423.714,4,4,5,445,Champions
TT-21220,287,6,1039.184,2,4,2,242,Low Value
TT-21265,406,3,439.5,1,2,1,121,Low Value
TT-21460,12,6,2280.868,5,4,4,544,Champions
TW-21025,162,6,5234.042,3,4,5,345,Loyal
TZ-21580,677,3,1702.126,1,2,3,123,Low Value
VB-21745,149,6,2005.596,3,4,3,343,Loyal
VD-21670,918,5,6256.374,1,3,5,135,At Risk
VF-21715,13,5,847.944,5,3,2,532,Potential Loyalists
VG-21790,145,5,730.05,3,3,2,332,Low Value
VG-21805,286,3,362.956,2,2,1,221,Low Value
VM-21685,167,7,2454.866,3,5,4,354,Loyal
VM-21835,265,4,252.01999999999998,2,3,1,231,Low Value
VP-21730,968,1,19.0,1,1,1,111,Low Value
VP-21760,75,6,3161.8559999999998,4,4,4,444,Champions
VS-21820,221,3,868.7529999999999,2,2,2,222,Low Value
VT-21700,971,2,1736.596,1,1,3,113,Low Value
VW-21775,43,7,4894.462,4,5,5,455,Champions
WB-21850,49,9,5189.823,4,5,5,455,Champions
XP-21865,43,10,2037.57,4,5,3,453,Loyal
YC-21895,4,4,5438.65,5,3,5,535,Potential Loyalists
YS-21880,9,7,6255.264,5,5,5,555,Champions
ZC-21910,194,9,6492.767,2,5,5,255,Loyal
ZD-21925,510,3,1187.7440000000001,1,2,2,122,Low Value
