Order Date,Sales,Orders,Quantity,Sales Growth
2014-01,28953.706,58,508,
2014-02,12687.436,46,312,-56.18026928918874
2014-03,50955.859,73,566,301.6245599189624
2014-04,21745.347999999998,50,408,-57.325127224329584
2014-05,25576.127,69,495,17.61654492721847
2014-06,26549.4836,61,422,3.8057232042990607
2014-07,31647.9,65,529,19.203448461799844
2014-08,34094.895,64,531,7.731934820319819
2014-09,47932.7258,80,631,40.58622500523907
2014-10,23354.398,45,388,-51.276716251342414
2014-11,49973.2745,83,655,113.97800320093884
2014-12,52889.0665,100,740,5.834702706943884
2015-01,29164.666400000002,46,328,-44.8569083744369
2015-02,19563.662,49,372,-32.919987042951405
2015-03,40200.1832,82,549,105.48393853870506
2015-04,28516.6945,66,473,-29.063272278818864
2015-05,23559.6825,78,572,-17.382842180393677
2015-06,24263.5902,69,467,2.9877639480073714
2015-07,28022.584,63,502,15.492323143505772
2015-08,37084.426,65,576,32.33763881303737
2015-09,57002.62,97,811,53.710401234200056
2015-10,25461.16,56,398,-55.333351344201375
2015-11,36416.807,87,804,43.02886042898282
2015-12,44955.3242,95,676,23.446638800595565
2016-01,37524.756,75,556,-16.52878348055602
2016-02,48994.518000000004,59,477,30.56585364605702
2016-03,46628.6,91,680,-4.82894433209855
2016-04,44223.272,89,641,-5.158482133283004
2016-05,53818.2878,106,850,21.69675685688748
2016-06,35419.405,81,631,-34.18704598773951
2016-07,37534.841,95,709,5.972533982431383
2016-08,38725.4674,93,698,3.172056596696393
2016-09,29695.818,98,642,-23.317083062501666
2016-10,36933.841,85,714,24.373879850691438
2016-11,46593.739,112,848,26.154598976044774
2016-12,53469.532,100,702,14.756903282649203
2017-01,63999.733,99,907,19.693834238160157
2017-02,49106.4074,102,862,-23.270918333362424
2017-03,67823.7288,144,1054,38.11584351413988
2017-04,36423.92,122,741,-46.29619950945546
2017-05,37612.606999999996,95,798,3.263479054423568
2017-06,38647.6185,104,722,2.751767512419434
2017-07,47267.6695,102,768,22.30422296266459
2017-08,62369.562,97,807,31.94972940225029
2017-09,67568.523,151,1186,8.335734344262358
2017-10,51461.2122,98,666,-23.83848289831643
2017-11,62631.246,156,1070,21.705733935276395
2017-12,44353.6878,118,847,-29.18281108442262
