Shipping Duration,Orders,Sales,Profit,Profit Margin
0,252,124907.691,15385.968499999999,0.12317871202983008
1,97,38572.6762,5621.1829,0.14572965772076762
2,370,212733.7974,30573.0935,0.1437152623309492
3,278,108126.9314,10172.3904,0.09407823072652186
4,715,314479.5331,34978.5849,0.11122690419690145
5,503,272905.4998,35226.0676,0.1290778955565776
6,264,122275.939,19122.6445,0.15638926722942606
7,135,74214.444,9109.005799999999,0.1227389886529366
28,5,865.7,174.002,0.20099572600207924
29,2,624.694,-25.665599999999998,-0.04108507525284379
30,34,14236.002,313.7342,0.022038083445057116
31,44,14142.583,1349.1029,0.09539296322319622
32,7,2768.6,-255.61500000000004,-0.09232644657949868
33,12,3150.756,948.9765,0.30119009532950186
34,30,13372.381,1534.0021,0.11471420833731853
35,23,5771.992,-355.34000000000003,-0.06156280188884531
36,20,7538.168,835.2687000000001,0.11080526462132445
37,7,2428.942,271.48380000000003,0.1117703922119178
59,37,32389.146,4560.034500000001,0.14078896986045883
60,14,19486.808,5437.1529,0.27901711249990246
61,148,53567.6976,4737.8419,0.08844587526196011
62,37,16519.4,3288.2217,0.19905212659055413
63,13,5781.634,656.4401,0.11353885424085994
64,16,6559.18,1809.7685,0.27591383374141276
65,10,3638.6220000000003,913.3118000000001,0.2510048584326704
66,8,2413.31,-26.597799999999992,-0.011021294404780153
67,3,2706.327,78.36840000000007,0.028957476313837927
89,17,9223.818,699.5759,0.07584450387030621
90,14,4625.0504,667.0148999999999,0.14421786625287367
91,31,19153.199,2980.6524999999997,0.15562165359426378
92,103,35981.773,6277.5039,0.1744634401423187
93,6,859.2959999999999,119.8842,0.13951443972740477
94,12,2602.188,540.7089,0.2077900981789171
95,10,1292.2820000000002,218.3612,0.16897333554131372
96,3,389.379,64.253,0.1650140351688201
120,75,36968.055,4349.9033,0.11766654480469692
121,25,16553.865,3893.7014,0.2352140361178492
122,193,91416.4742,10871.9461,0.11892764619443176
123,92,52316.5848,5214.4149,0.09967039935680205
124,3,1725.528,-77.26020000000001,-0.04477481675174208
125,6,1685.7160000000001,-54.498000000000026,-0.03232928915665511
150,30,10054.128,2629.1301,0.2614975759210545
151,28,16199.378,2199.3953,0.1357703548864654
152,7,1919.037,439.98170000000005,0.229272129719229
153,214,83763.7119,8766.1008,0.10465272611683295
154,3,2264.87,-2810.9117,-1.2410918507464006
155,3,2691.6879999999996,363.3156,0.13497686210288862
181,31,13762.177,1129.33,0.08206041820273056
182,14,9537.75,2631.8135,0.27593651542554587
183,36,9719.229,1877.7354,0.19319797897549282
184,36,7787.296,1218.0275,0.156412123027043
212,19,6178.468,-825.3558999999999,-0.13358585008451931
213,3,18558.428000000004,8789.2646,0.47359962815816076
214,21,5991.7880000000005,898.3908,0.14993701379287785
