State,Sales,Profit,Orders,Quantity,Profit Margin
New York,270999.363,66181.474,462,3563,0.2442126552157246
California,388413.491,65193.379,850,6386,0.16784530020354005
Washington,116435.428,28875.3678,199,1459,0.24799468938268515
Michigan,62292.718,19870.1318,94,792,0.3189800098303625
Indiana,44689.700000000004,15891.026100000001,57,452,0.35558587549256315
Virginia,57811.08,14974.74,95,748,0.2590288920393807
Georgia,35467.8,11808.4082,73,571,0.3329332013826626
Kentucky,32425.350000000002,10010.1108,50,420,0.30871249809177076
Minnesota,25907.48,9672.2106,37,294,0.37333660394604185
Delaware,23449.739,8766.7374,33,280,0.37385223775838183
New Jersey,26373.846,7865.677,46,307,0.2982377693416424
Wisconsin,29766.18,7709.9498,47,397,0.25901710599075867
Rhode Island,19735.85,6763.6563,20,146,0.34270914604640795
Massachusetts,24425.689,6522.114,49,386,0.26701862944377946
Missouri,20208.38,5954.3384,26,204,0.2946469929801399
Maryland,20316.853,5900.0355,38,320,0.29040105276146855
Alabama,17932.04,5306.8772,28,215,0.2959438636094945
Oklahoma,17297.4,4252.983,28,197,0.2458741198099136
Arkansas,11399.41,3920.5956,23,210,0.3439296946070016
Nevada,14520.514,3083.5907,19,128,0.21236098804766831
Mississippi,8734.33,2650.5441,20,185,0.3034627842089777
Connecticut,10166.187,2516.9161,33,204,0.2475771988061994
Utah,9362.416,2302.2002,24,198,0.24589808869847274
Vermont,8929.369999999999,2244.9782999999998,6,50,0.25141508303497334
Nebraska,7151.33,1953.7899000000002,20,126,0.27320650843968886
Montana,5179.248,1708.3827,7,41,0.3298514958156088
New Hampshire,7264.594,1698.4031,16,124,0.23379188155594105
Louisiana,7788.94,1661.8709000000001,16,114,0.21336290945879674
South Carolina,7747.49,1639.0284,18,147,0.21155605234727634
Iowa,3348.6099999999997,1057.9904,14,100,0.3159491251593945
New Mexico,3705.474,987.3043,18,129,0.2664448057117659
Idaho,4372.902,823.3687,10,63,0.18828885257433164
Maine,1270.53,454.4862,3,35,0.35771386744114664
South Dakota,1315.56,394.8283,5,42,0.30012184925050933
Kansas,1363.83,381.1225,10,50,0.2794501514118329
North Dakota,919.91,230.1497,2,30,0.25018719222532637
West Virginia,1209.824,185.9216,2,18,0.15367656783135397
Wyoming,1603.136,100.196,1,4,0.0625
District of Columbia,33.92,13.2288,1,8,0.38999999999999996
Oregon,11244.105,-1302.846,45,384,-0.11586924881971487
Florida,77455.379,-2418.9858,161,1089,-0.031230701227347942
Arizona,32108.315,-3279.8948,88,728,-0.10215094750378524
Tennessee,27987.948,-5318.3574,79,605,-0.19002312709742064
Colorado,27551.456000000002,-6721.7879,65,592,-0.2439721479692398
North Carolina,50170.054,-7093.5275,112,831,-0.14138967241294978
Ohio,61544.869,-8023.1798,199,1533,-0.1303630981812635
Illinois,60702.735,-11931.7287,225,1473,-0.19655998531202917
Pennsylvania,95143.013,-12837.6743,236,1734,-0.13493028962620723
Texas,144155.8258,-23094.3218,409,3177,-0.16020387432722127
